siteID,year,a0c0,ac0,a0n0,an0,bc0,bn0,soilresp,biomassC,C_into_A0,net_C_into_A0,net_prim_prodC,biomassN,N_into_A0,net_N_into_A0,net_prim_prodN,avail_n
0,0,1.44566,34.5446,0.497800E-01,2.61679,3.03021,0.00000,2.67946,0.00000,0.00000,0.00000,0.00000,0.00000,0.00000,0.00000,0.00000,0.609199E-01
0,1,0.330617,34.6119,0.302265E-01,2.62922,3.15859,0.488051E-02,1.25749,0.00000,0.338148,0.00000,1.97797,0.00000,0.844793E-02,0.488051E-02,0.121148E-01,0.632527E-01
0,2,0.847637E-01,34.5968,0.251465E-01,2.62666,3.26627,0.862737E-02,1.08438,2.33447,0.931081,0.00000,2.52027,0.523417E-02,0.208869E-01,0.374686E-02,0.257841E-01,0.635670E-01
0,3,0.189636,34.6600,0.277052E-01,2.62168,3.35839,0.116351E-01,1.17965,5.50300,1.43987,0.00000,1.52729,0.123454E-01,0.301141E-01,0.300769E-02,0.334901E-01,0.651600E-01
0,4,0.435318,34.9304,0.358956E-01,2.61218,3.42832,0.136045E-01,1.39263,7.68141,1.97858,0.00000,2.04700,0.172118E-01,0.409197E-01,0.196946E-02,0.454655E-01,0.590015E-01
0,5,0.669984,35.5363,0.463101E-01,2.59939,3.45937,0.136045E-01,1.74608,10.4646,2.61771,0.00000,2.56670,0.234248E-01,0.533966E-01,0.00000,0.591242E-01,0.619966E-01
0,6,0.732659,36.4871,0.547072E-01,2.58719,3.49301,0.136045E-01,2.13292,13.1877,3.17990,0.00000,2.60491,0.295016E-01,0.647466E-01,0.00000,0.705594E-01,0.643300E-01
0,7,0.975799,37.6430,0.670073E-01,2.57623,3.52544,0.136045E-01,2.27233,15.7312,3.70389,0.00000,2.40018,0.351731E-01,0.745939E-01,0.00000,0.799465E-01,0.626437E-01
0,8,1.01679,39.0877,0.755548E-01,2.56758,3.55978,0.136045E-01,2.53861,17.7991,4.05868,0.00000,1.99663,0.397838E-01,0.818299E-01,0.00000,0.862773E-01,0.612372E-01
0,9,0.874833,40.7952,0.784554E-01,2.56450,3.59783,0.136045E-01,2.78959,19.5305,4.39318,0.00000,1.61856,0.436415E-01,0.876209E-01,0.00000,0.912244E-01,0.679729E-01
0,10,0.872291,42.6083,0.831167E-01,2.56157,3.63738,0.136045E-01,2.86456,21.5338,4.71465,0.00000,1.92865,0.481043E-01,0.939590E-01,0.00000,0.982583E-01,0.641020E-01
0,11,1.13630,44.4274,0.926344E-01,2.55688,3.67628,0.136045E-01,2.90688,23.0491,5.02894,0.700295E-01,1.36951,0.514833E-01,0.984995E-01,0.00000,0.101549,0.661359E-01
0,12,1.28328,46.5392,0.953746E-01,2.55785,3.71773,0.136045E-01,3.43860,24.5199,5.73879,0.729790,0.902607,0.547600E-01,0.103297,0.00000,0.105307,0.662696E-01
0,13,1.74872,48.5553,0.101158,2.55856,3.75933,0.136045E-01,3.65178,25.5497,6.17489,1.34590,0.547651,0.570548E-01,0.103221,0.00000,0.104440,0.652718E-01
0,14,1.30337,50.6614,0.943267E-01,2.56578,3.80618,0.136045E-01,3.72706,26.2511,5.43467,0.538178,1.25782,0.586176E-01,0.973873E-01,0.00000,0.100187,0.665513E-01
0,15,1.15108,52.5990,0.925484E-01,2.57025,3.85459,0.136045E-01,3.47698,27.6152,5.31072,0.129837,1.52415,0.616555E-01,0.979159E-01,0.00000,0.101313,0.681986E-01
0,16,1.36123,54.4987,0.961005E-01,2.57173,3.90238,0.136045E-01,3.53750,29.2238,5.69514,0.361299,1.34378,0.652423E-01,0.101503,0.00000,0.104495,0.665364E-01
0,17,1.72898,56.3750,0.101565,2.57096,3.95110,0.136045E-01,3.78146,30.4230,6.07427,0.689771,0.861168,0.679118E-01,0.103290,0.00000,0.105201,0.649693E-01
0,18,1.56112,58.3337,0.998594E-01,2.57525,4.00355,0.136045E-01,3.93598,31.2347,5.77927,0.458745,1.05868,0.697129E-01,0.101540,0.00000,0.103885,0.683597E-01
0,19,1.58170,60.2358,0.100658,2.57887,4.05666,0.136045E-01,3.89637,32.5987,5.87225,0.240906,1.30861,0.727382E-01,0.102611,0.00000,0.105515,0.656814E-01
0,20,1.69246,62.1979,0.985817E-01,2.58436,4.11419,0.136045E-01,4.35586,33.6553,6.48625,0.970535,0.482989,0.750819E-01,0.104896,0.00000,0.105960,0.704749E-01
0,21,2.04104,63.8851,0.105918,2.58392,4.16836,0.136045E-01,3.97888,34.6746,6.06882,0.392427,1.38169,0.773399E-01,0.102705,0.00000,0.105782,0.671243E-01
0,22,2.45229,65.6975,0.108327,2.58531,4.22719,0.136045E-01,4.69411,35.7477,6.97649,1.60222,0.189564,0.797330E-01,0.105286,0.00000,0.105690,0.697872E-01
0,23,2.33478,67.4119,0.108665,2.58960,4.28568,0.136045E-01,4.41956,36.4100,6.07487,0.662983,1.40702,0.811904E-01,0.996875E-01,0.00000,0.102822,0.673573E-01
0,24,2.30672,69.1709,0.106350,2.59542,4.34705,0.136045E-01,4.66736,37.6070,6.45969,0.947865,0.814291,0.838575E-01,0.100598,0.00000,0.102412,0.683535E-01
0,25,2.03686,70.8636,0.102606,2.60185,4.41062,0.136045E-01,4.53073,38.5937,6.01714,0.345395,1.38128,0.860551E-01,0.985219E-01,0.00000,0.101595,0.704935E-01
0,26,1.69708,72.5675,0.971535E-01,2.60842,4.47782,0.136045E-01,4.53115,40.1274,5.96245,0.230403,1.64979,0.894680E-01,0.997886E-01,0.00000,0.103461,0.727571E-01
0,27,1.98041,74.1172,0.100412,2.61008,4.54422,0.136045E-01,4.48336,41.9190,6.38272,0.301764,1.46130,0.934558E-01,0.102772,0.00000,0.106024,0.683383E-01
0,28,2.35330,75.6374,0.104588,2.61056,4.61245,0.136045E-01,4.77388,42.9545,6.73516,0.848580,0.702740,0.957591E-01,0.104015,0.00000,0.105572,0.698444E-01
0,29,2.53002,77.1426,0.107390,2.61267,4.68131,0.136045E-01,4.86746,43.8839,6.61830,0.663966,0.995961,0.978202E-01,0.102604,0.00000,0.104815,0.726332E-01
0,30,2.75758,78.5974,0.113200,2.61236,4.74807,0.136045E-01,4.71944,45.1656,6.46857,0.642960,1.43677,0.100667,0.102402,0.00000,0.105587,0.674069E-01
0,31,2.82820,80.2660,0.108215,2.62030,4.82259,0.136045E-01,5.67680,46.1303,7.49060,1.60945,-0.727258E-01,0.102801,0.104325,0.00000,0.104145,0.702056E-01
0,32,2.38225,81.7447,0.102719,2.62883,4.89840,0.136045E-01,5.19358,46.5321,6.30213,0.528371,1.44655,0.103676,0.984000E-01,0.00000,0.101615,0.725324E-01
0,33,2.49192,83.0950,0.103807,2.63232,4.97324,0.136045E-01,5.02586,48.1661,6.56079,0.397035,1.42089,0.107308,0.100006,0.00000,0.103172,0.674153E-01
0,34,2.36054,84.5345,0.972409E-01,2.64024,5.05649,0.136045E-01,5.70127,49.0730,7.09264,0.994540,0.383358,0.109331,0.101376,0.00000,0.102231,0.713221E-01
0,35,2.63088,85.7165,0.101786,2.64348,5.13255,0.136045E-01,5.03324,49.8952,6.56169,0.403238,1.28847,0.111162,0.987296E-01,0.00000,0.101594,0.694419E-01
0,36,2.32283,87.0651,0.964407E-01,2.64963,5.21551,0.136045E-01,5.53387,51.0056,6.65731,0.426886,1.03358,0.113632,0.993650E-01,0.00000,0.101661,0.751744E-01
0,37,2.41737,88.2713,0.973333E-01,2.65279,5.29797,0.136045E-01,5.35477,52.5579,6.73804,0.219712,1.51343,0.117082,0.100490,0.00000,0.103864,0.741829E-01
0,38,2.56748,89.4879,0.990498E-01,2.65504,5.38116,0.136045E-01,5.50332,53.9113,6.95314,0.699303,1.19175,0.120100,0.102196,0.00000,0.104844,0.722605E-01
0,39,2.80715,90.6653,0.101928,2.65720,5.46456,0.136045E-01,5.58768,54.9448,7.08819,0.823149,0.885551,0.122396,0.102204,0.00000,0.104168,0.745690E-01
0,40,2.90679,91.8475,0.105510,2.65895,5.54504,0.136045E-01,5.40619,56.0890,6.76854,0.582383,1.44118,0.124935,0.100965,0.00000,0.104178,0.698710E-01
0,41,3.13791,93.1336,0.104311,2.66437,5.62997,0.136045E-01,6.09246,57.0701,7.69458,1.09362,0.474243E-01,0.127124,0.102870,0.00000,0.102963,0.709478E-01
0,42,3.11364,94.2927,0.104700,2.66909,5.71339,0.136045E-01,5.75428,57.3521,6.97255,0.542132,0.911169,0.127740,0.991323E-01,0.00000,0.101162,0.730533E-01
0,43,2.61823,95.4471,0.991328E-01,2.67412,5.80446,0.136045E-01,5.88747,58.4629,6.63739,0.424758,1.45230,0.130213,0.985253E-01,0.00000,0.101764,0.701382E-01
0,44,3.14128,96.4905,0.102656,2.67851,5.89138,0.136045E-01,5.86252,59.6040,7.51588,0.969567,0.282776,0.132760,0.100948,0.00000,0.101572,0.721138E-01
0,45,3.01588,97.5611,0.998362E-01,2.68422,5.98302,0.136045E-01,6.16530,60.1539,7.20196,0.347806,0.805056,0.133978,0.989053E-01,0.00000,0.100701,0.743340E-01
0,46,2.93312,98.5234,0.102099,2.68685,6.07109,0.136045E-01,5.61770,61.1406,6.58537,0.421882,1.61599,0.136178,0.978249E-01,0.00000,0.101421,0.750083E-01
0,47,3.20211,99.5295,0.105284,2.68817,6.15922,0.136045E-01,5.82961,62.7709,7.19282,0.476943,1.07049,0.139807,0.100254,0.00000,0.102638,0.706870E-01
0,48,3.24051,100.591,0.103933,2.69349,6.25162,0.136045E-01,6.25692,63.4289,7.44900,1.07763,0.392677,0.141271,0.100644,0.00000,0.101500,0.746201E-01
0,49,3.00545,101.612,0.998331E-01,2.70067,6.34703,0.136045E-01,6.29132,64.2806,7.17270,0.365418,1.07220,0.143148,0.987359E-01,0.00000,0.101130,0.750189E-01
0,50,2.71921,102.547,0.967226E-01,2.70621,6.44473,0.136045E-01,6.10568,65.3522,6.85249,0.637154,1.41387,0.145541,0.985310E-01,0.00000,0.101673,0.713760E-01
0,51,2.98049,103.409,0.991438E-01,2.71010,6.53905,0.136045E-01,5.96233,66.4178,7.18013,0.832358,0.735831,0.147908,0.992009E-01,0.00000,0.100846,0.778363E-01
0,52,2.88495,104.277,0.997190E-01,2.71183,6.63445,0.136045E-01,5.91922,67.7829,6.78675,0.377939,1.75874,0.150953,0.983342E-01,0.00000,0.102248,0.754757E-01
0,53,2.70521,105.162,0.963497E-01,2.71633,6.73672,0.136045E-01,6.28363,69.2663,7.09085,0.965260,1.21883,0.154255,0.999255E-01,0.00000,0.102626,0.757137E-01
0,54,3.02054,105.942,0.100988,2.71882,6.83195,0.136045E-01,5.84973,70.5177,7.04050,0.728115,1.28360,0.157026,0.993832E-01,0.00000,0.102244,0.732000E-01
0,55,2.98118,106.811,0.988413E-01,2.72335,6.93302,0.136045E-01,6.38037,71.5933,7.31131,0.687355,0.796846,0.159426,0.998045E-01,0.00000,0.101576,0.737682E-01
0,56,3.50590,107.607,0.105843,2.72571,7.02445,0.136045E-01,5.92276,72.4435,7.33490,0.789358,0.813312,0.161315,0.995523E-01,0.00000,0.101368,0.715027E-01
0,57,3.60795,108.481,0.108753,2.72732,7.11608,0.136045E-01,6.05515,73.0824,7.12289,0.784333,0.812913,0.162742,0.982275E-01,0.00000,0.100031,0.698789E-01
0,58,3.39168,109.371,0.106180,2.73237,7.21320,0.136045E-01,6.30310,73.7527,7.07374,0.788521,0.680906,0.164227,0.972482E-01,0.00000,0.987459E-01,0.712360E-01
0,59,3.16116,110.216,0.102073,2.73930,7.31387,0.136045E-01,6.37047,74.6359,7.08574,0.608106,0.850381,0.166175,0.967855E-01,0.00000,0.986817E-01,0.718708E-01
0,60,2.96772,110.972,0.993664E-01,2.74524,7.41593,0.136045E-01,6.21423,75.5539,6.87834,0.521312,1.12128,0.168222,0.962292E-01,0.00000,0.987237E-01,0.716173E-01
0,61,2.96662,111.706,0.954232E-01,2.75223,7.52277,0.136045E-01,6.61812,76.6404,7.45798,0.677699,0.516748,0.170638,0.977556E-01,0.00000,0.989007E-01,0.721418E-01
0,62,2.83439,112.326,0.921098E-01,2.75867,7.63247,0.136045E-01,6.58910,77.2181,7.18674,0.434779,0.827731,0.171919,0.966708E-01,0.00000,0.985025E-01,0.770220E-01
0,63,3.22423,112.907,0.975476E-01,2.76146,7.73234,0.136045E-01,6.11035,78.4224,7.18116,0.481691,1.22696,0.174588,0.970439E-01,0.00000,0.997662E-01,0.720656E-01
0,64,3.63825,113.579,0.100188,2.76402,7.83382,0.136045E-01,6.65646,79.2128,7.84382,0.908525,0.124393,0.176339,0.984409E-01,0.00000,0.987140E-01,0.764748E-01
0,65,3.10061,114.245,0.957386E-01,2.76918,7.94115,0.136045E-01,6.65955,79.8061,6.89491,0.360586,1.50210,0.177656,0.954025E-01,0.00000,0.987528E-01,0.755292E-01
0,66,3.27061,114.852,0.943750E-01,2.77482,8.05057,0.136045E-01,6.91892,81.1656,7.80543,0.830977,0.475441,0.180690,0.980564E-01,0.00000,0.990999E-01,0.765982E-01
0,67,3.54132,115.407,0.991573E-01,2.77765,8.15123,0.136045E-01,6.34552,81.7678,7.27175,0.377114,1.10453,0.182014,0.961500E-01,0.00000,0.985979E-01,0.734905E-01
0,68,4.27883,116.012,0.103768,2.77943,8.25369,0.136045E-01,7.03497,82.5583,8.48069,0.855501,-0.411071,0.183762,0.990029E-01,0.00000,0.980839E-01,0.756637E-01
0,69,3.41159,116.658,0.967029E-01,2.78667,8.36376,0.136045E-01,7.07879,82.3894,6.96800,0.363754,1.28165,0.183382,0.942095E-01,0.00000,0.970666E-01,0.769015E-01
0,70,3.64414,117.245,0.954931E-01,2.79416,8.47306,0.136045E-01,7.21644,83.7116,8.14535,0.740718,0.176272,0.186329,0.975403E-01,0.00000,0.979429E-01,0.774795E-01
0,71,3.20238,117.713,0.936265E-01,2.79867,8.58340,0.136045E-01,6.68853,83.9419,6.82429,0.566796,1.51042,0.186853,0.936843E-01,0.00000,0.970382E-01,0.767842E-01
0,72,3.27829,118.180,0.958441E-01,2.80217,8.68946,0.136045E-01,6.40994,85.3538,7.05882,0.599572,1.19817,0.189986,0.946709E-01,0.00000,0.973401E-01,0.763078E-01
0,73,3.15432,118.657,0.954683E-01,2.80473,8.79846,0.136045E-01,6.50143,86.5034,6.96376,0.741357,1.24989,0.192548,0.945775E-01,0.00000,0.973624E-01,0.771885E-01
0,74,3.83394,119.221,0.967244E-01,2.81089,8.90621,0.136045E-01,7.21199,87.8410,8.56318,0.716851,-0.258227,0.195528,0.982097E-01,0.00000,0.976452E-01,0.743943E-01
0,75,4.03270,119.715,0.974916E-01,2.81596,9.01433,0.136045E-01,7.25617,87.3937,8.05720,0.846011,-0.228882E-02,0.194543,0.957062E-01,0.00000,0.957037E-01,0.769690E-01
0,76,3.39262,120.159,0.954492E-01,2.82052,9.12263,0.136045E-01,6.63973,87.6002,6.55167,0.296116,1.66875,0.195006,0.913596E-01,0.00000,0.950799E-01,0.788371E-01
0,77,3.22101,120.566,0.940401E-01,2.82390,9.23469,0.136045E-01,6.69656,89.3569,7.04488,0.559989,1.31142,0.198922,0.935541E-01,0.00000,0.964773E-01,0.769823E-01
0,78,3.79551,121.034,0.975982E-01,2.82931,9.34024,0.136045E-01,6.80999,90.5030,7.95734,0.807747,0.243477,0.201477,0.958060E-01,0.00000,0.963520E-01,0.720074E-01
0,79,3.26266,121.474,0.942306E-01,2.83406,9.45108,0.136045E-01,6.71966,90.3585,6.73801,0.877376,1.01961,0.201159,0.918371E-01,0.00000,0.941049E-01,0.737084E-01
0,80,3.77879,121.864,0.970473E-01,2.83822,9.55889,0.136045E-01,6.81428,91.5578,7.82833,0.478947,0.105486,0.203828,0.941741E-01,0.00000,0.944156E-01,0.736085E-01
0,81,3.80607,122.254,0.989992E-01,2.84126,9.66512,0.136045E-01,6.65456,91.6452,7.17783,0.612332,0.713068,0.204029,0.921678E-01,0.00000,0.937537E-01,0.740727E-01
0,82,2.80980,122.594,0.916981E-01,2.84579,9.78249,0.136045E-01,6.58040,92.3776,6.04186,0.512266,1.85734,0.205659,0.893854E-01,0.00000,0.935210E-01,0.800448E-01
0,83,3.39172,122.909,0.947197E-01,2.85038,9.89305,0.136045E-01,6.58399,94.6391,7.59114,0.372031,0.761514,0.210693,0.939517E-01,0.00000,0.956544E-01,0.760792E-01
0,84,3.38033,123.295,0.918482E-01,2.85678,10.0083,0.136045E-01,7.13488,95.0149,7.62522,0.932449,0.334618,0.211539,0.938615E-01,0.00000,0.946137E-01,0.758651E-01
0,85,2.95897,123.538,0.892815E-01,2.86193,10.1254,0.136045E-01,6.65939,95.3292,6.59797,0.673300,1.30553,0.212246,0.907638E-01,0.00000,0.936664E-01,0.798220E-01
0,86,3.44678,123.786,0.916999E-01,2.86638,10.2391,0.136045E-01,6.84902,96.8712,7.69876,0.617539,0.453975,0.215675,0.934966E-01,0.00000,0.945106E-01,0.778620E-01
0,87,4.28503,124.119,0.952687E-01,2.87213,10.3496,0.136045E-01,7.46310,97.1939,8.74477,0.723959,-0.750293,0.216397,0.952101E-01,0.00000,0.935465E-01,0.753676E-01
0,88,4.23782,124.428,0.937562E-01,2.87886,10.4641,0.136045E-01,7.71188,96.2813,8.08817,0.815735,-0.326111,0.214372,0.921641E-01,0.00000,0.914312E-01,0.780820E-01
0,89,4.28163,124.669,0.975322E-01,2.88337,10.5704,0.136045E-01,6.86991,96.1584,7.26077,0.367418,0.659506,0.214093,0.893038E-01,0.00000,0.907566E-01,0.701389E-01
0,90,3.94428,124.995,0.934167E-01,2.89024,10.6839,0.136045E-01,7.41535,96.2488,7.51782,1.13876,-0.181965,0.214278,0.895126E-01,0.00000,0.891172E-01,0.781107E-01
0,91,3.66875,125.210,0.915308E-01,2.89657,10.7962,0.136045E-01,6.93605,96.6578,6.98746,0.119668,0.891374,0.215198,0.872392E-01,0.00000,0.892241E-01,0.789463E-01
0,92,2.93022,125.339,0.877414E-01,2.90045,10.9128,0.136045E-01,6.47799,97.5105,5.98524,0.374216,1.88075,0.217096,0.855980E-01,0.00000,0.897872E-01,0.794147E-01
0,93,3.06017,125.427,0.913406E-01,2.90238,11.0235,0.136045E-01,6.02578,99.3467,6.35387,0.439880,1.50640,0.221187,0.872969E-01,0.00000,0.906555E-01,0.777378E-01
0,94,3.28669,125.627,0.908805E-01,2.90639,11.1379,0.136045E-01,6.70530,100.711,7.24651,0.897435,0.495034,0.224229,0.898195E-01,0.00000,0.909305E-01,0.795991E-01
0,95,3.85396,125.805,0.969257E-01,2.90900,11.2435,0.136045E-01,6.36795,101.345,7.21918,0.417305,0.634191,0.225649,0.891378E-01,0.00000,0.905552E-01,0.749408E-01
0,96,3.76097,126.092,0.958872E-01,2.91333,11.3529,0.136045E-01,6.78395,101.629,7.08735,0.773512,0.398108,0.226288,0.884380E-01,0.00000,0.893281E-01,0.773771E-01
0,97,3.44646,126.329,0.935757E-01,2.91869,11.4640,0.136045E-01,6.60956,102.183,6.64298,0.455112,0.968485,0.227525,0.868362E-01,0.00000,0.889316E-01,0.749145E-01
0,98,3.31223,126.500,0.920527E-01,2.92366,11.5774,0.136045E-01,6.56679,102.938,6.71708,0.843553,0.688362,0.229142,0.871264E-01,0.00000,0.886564E-01,0.764050E-01
0,99,3.77776,126.658,0.923117E-01,2.92931,11.6914,0.136045E-01,7.01365,103.729,7.75036,0.498799,-0.265425,0.230904,0.888834E-01,0.00000,0.882948E-01,0.771493E-01
0,100,4.00064,126.831,0.930827E-01,2.93597,11.8021,0.136045E-01,7.00714,103.471,7.51430,0.601690,-0.554161E-01,0.230332,0.875769E-01,0.00000,0.874665E-01,0.740863E-01
0,101,4.14701,126.990,0.913131E-01,2.94327,11.9171,0.136045E-01,7.50587,103.219,7.92565,0.811458,-0.696924,0.229783,0.877663E-01,0.00000,0.862032E-01,0.789182E-01
0,102,4.17590,127.113,0.910964E-01,2.95074,12.0286,0.136045E-01,7.21979,102.795,7.48360,0.321163,-0.370841E-01,0.228826,0.855256E-01,0.00000,0.854421E-01,0.763906E-01
0,103,4.20474,127.242,0.874646E-01,2.95962,12.1455,0.136045E-01,7.85150,102.544,8.12561,0.620032,-0.918907,0.228267,0.863411E-01,0.00000,0.843110E-01,0.804780E-01
0,104,3.21302,127.206,0.831576E-01,2.96588,12.2619,0.136045E-01,6.68763,101.803,5.77703,0.218855,1.55337,0.226635,0.798777E-01,0.00000,0.833433E-01,0.832567E-01
0,105,3.39079,127.172,0.840080E-01,2.97046,12.3759,0.136045E-01,6.66995,103.436,6.92754,0.464981,0.521614,0.230278,0.833190E-01,0.00000,0.844906E-01,0.785967E-01
0,106,2.81938,127.052,0.836983E-01,2.97203,12.4904,0.136045E-01,5.99994,103.700,5.42314,0.803046,1.75635,0.230877,0.797026E-01,0.00000,0.836115E-01,0.765033E-01
0,107,2.95299,126.984,0.831801E-01,2.97602,12.6065,0.136045E-01,6.34909,105.363,6.53050,0.786123,0.567309,0.234579,0.824221E-01,0.00000,0.836939E-01,0.801525E-01
0,108,1.89855,126.914,0.759984E-01,2.98212,12.7256,0.136045E-01,5.71627,106.091,4.71092,0.373804,2.52737,0.236208,0.779438E-01,0.00000,0.835544E-01,0.801354E-01
0,109,3.41547,126.816,0.832340E-01,2.98506,12.8380,0.136045E-01,6.51148,108.576,8.04277,0.799053,-0.793158,0.241724,0.865799E-01,0.00000,0.848013E-01,0.752471E-01
0,110,3.80438,126.793,0.847607E-01,2.99007,12.9514,0.136045E-01,7.03974,107.535,7.51890,0.735611,-0.571746,0.239394,0.841445E-01,0.00000,0.828822E-01,0.802138E-01
0,111,3.33876,126.765,0.862763E-01,2.99407,13.0582,0.136045E-01,6.08179,107.192,5.69463,0.354528,1.43683,0.238640,0.791018E-01,0.00000,0.822889E-01,0.757969E-01
0,112,2.99562,126.703,0.845554E-01,2.99610,13.1720,0.136045E-01,6.21736,108.367,5.92651,0.843158,0.958266,0.241242,0.799553E-01,0.00000,0.820891E-01,0.823959E-01
0,113,2.77044,126.606,0.827247E-01,3.00005,13.2870,0.136045E-01,6.09300,109.678,5.88584,0.191841,1.34285,0.244162,0.796510E-01,0.00000,0.826484E-01,0.777901E-01
0,114,3.55996,126.588,0.827187E-01,3.00752,13.4028,0.136045E-01,7.08854,110.711,7.97550,0.950038,-1.04238,0.246470,0.846301E-01,0.00000,0.823216E-01,0.773758E-01
0,115,2.82446,126.441,0.801763E-01,3.01262,13.5178,0.136045E-01,6.16877,109.646,5.40140,0.537183,1.43957,0.244112,0.773182E-01,0.00000,0.805264E-01,0.800140E-01
0,116,2.87498,126.279,0.789833E-01,3.01674,13.6351,0.136045E-01,6.39646,111.252,6.40258,0.446086,0.622094,0.247691,0.799311E-01,0.00000,0.813271E-01,0.811703E-01
0,117,3.48209,126.182,0.806369E-01,3.02337,13.7488,0.136045E-01,6.81816,111.843,7.44199,0.667820,-0.449125,0.249019,0.822259E-01,0.00000,0.812221E-01,0.818111E-01
0,118,3.43848,126.117,0.825034E-01,3.02396,13.8631,0.136045E-01,6.80079,111.433,6.80674,0.470625,1.40674,0.248101,0.841046E-01,0.00000,0.868912E-01,0.775615E-01
0,119,2.92247,126.046,0.852183E-01,3.02580,13.9721,0.136045E-01,5.83093,112.337,5.35237,0.883085,1.48018,0.250123,0.807957E-01,0.00000,0.839918E-01,0.785949E-01
0,120,2.91344,126.012,0.853515E-01,3.02827,14.0848,0.136045E-01,6.11583,113.935,6.18587,0.501443,0.752287,0.253585,0.822582E-01,0.00000,0.839309E-01,0.792899E-01
0,121,3.10966,126.003,0.863248E-01,3.03233,14.1962,0.136045E-01,6.22724,114.710,6.52533,0.434038,0.432758,0.255318,0.829530E-01,0.00000,0.839182E-01,0.807525E-01
0,122,3.55201,126.109,0.846274E-01,3.04045,14.3093,0.136045E-01,7.09801,115.176,7.75953,0.447665,-0.773166,0.256370,0.855091E-01,0.00000,0.837866E-01,0.789089E-01
0,123,3.88248,126.126,0.858401E-01,3.04722,14.4204,0.136045E-01,7.03322,114.237,7.49168,0.565319,-0.714677,0.254280,0.839554E-01,0.00000,0.823748E-01,0.781193E-01
0,124,3.38120,126.110,0.848809E-01,3.05287,14.5305,0.136045E-01,6.46357,113.495,6.05671,0.713197,0.656079,0.252640,0.799534E-01,0.00000,0.813984E-01,0.741749E-01
0,125,3.88250,126.150,0.871634E-01,3.05932,14.6368,0.136045E-01,6.68663,113.973,7.33361,0.729354,-0.821054,0.253693,0.822618E-01,0.00000,0.804409E-01,0.762720E-01
0,126,3.69325,126.145,0.848266E-01,3.06536,14.7483,0.136045E-01,6.89550,113.206,6.81341,0.372321,-0.290914,0.251989,0.801118E-01,0.00000,0.794643E-01,0.834599E-01
0,127,2.96305,126.089,0.832874E-01,3.06715,14.8615,0.136045E-01,6.26391,113.220,5.59042,0.588019E-01,2.29378,0.252024,0.804588E-01,0.00000,0.852596E-01,0.820282E-01
0,128,2.74828,126.021,0.836982E-01,3.06998,14.9744,0.136045E-01,5.99826,115.217,5.82866,0.514869,1.02208,0.256487,0.818270E-01,0.00000,0.841016E-01,0.791749E-01
0,129,4.22557,126.093,0.870052E-01,3.07801,15.0868,0.136045E-01,7.54140,116.094,9.20275,0.774388,-2.51053,0.258445,0.890630E-01,0.00000,0.834422E-01,0.804958E-01
0,130,3.38940,126.091,0.872102E-01,3.08370,15.1922,0.136045E-01,6.11334,113.653,5.38150,0.286953,1.28500,0.252984,0.783753E-01,0.00000,0.812374E-01,0.740275E-01
0,131,3.77135,126.152,0.843715E-01,3.09111,15.3068,0.136045E-01,7.37195,114.600,7.92864,0.996612,-1.59123,0.255093,0.842585E-01,0.00000,0.807127E-01,0.810338E-01
0,132,3.90823,126.137,0.870360E-01,3.09645,15.4153,0.136045E-01,6.77500,113.299,7.00535,0.443064E-01,0.272996,0.252205,0.827188E-01,0.00000,0.831002E-01,0.814635E-01
0,133,4.34339,126.208,0.866846E-01,3.10389,15.5285,0.136045E-01,7.74917,113.510,8.36928,0.273109,-1.66056,0.252672,0.861356E-01,0.00000,0.824467E-01,0.820802E-01
0,134,4.64022,126.283,0.897193E-01,3.11138,15.6362,0.136045E-01,7.46008,111.812,7.93927,0.441677,-0.931657,0.248908,0.855520E-01,0.00000,0.832957E-01,0.791477E-01
0,135,3.19995,126.253,0.851061E-01,3.11574,15.7493,0.136045E-01,6.48351,110.724,5.12632,0.361049,1.42102,0.246420,0.784762E-01,0.00000,0.816349E-01,0.814164E-01
0,136,3.24706,126.249,0.846307E-01,3.12259,15.8612,0.136045E-01,6.53076,112.255,6.68558,0.201121,0.385475E-02,0.249832,0.826545E-01,0.00000,0.826690E-01,0.813405E-01
0,137,2.61162,126.193,0.828548E-01,3.12656,15.9735,0.136045E-01,5.91037,112.272,5.33105,0.230668,1.38366,0.249881,0.799094E-01,0.00000,0.829904E-01,0.807518E-01
0,138,3.57825,126.230,0.830677E-01,3.13407,16.0896,0.136045E-01,7.31306,113.642,8.43264,0.514031,-1.68892,0.252933,0.878083E-01,0.00000,0.840628E-01,0.808479E-01
0,139,2.60372,126.144,0.830710E-01,3.13825,16.1994,0.136045E-01,5.69821,111.950,4.74741,0.202076,1.96206,0.249179,0.789017E-01,0.00000,0.832705E-01,0.775103E-01
0,140,1.90108,126.132,0.773061E-01,3.14263,16.3163,0.136045E-01,5.73900,113.801,5.14219,0.360066,1.51003,0.253302,0.810080E-01,0.00000,0.843725E-01,0.834083E-01
0,141,3.46826,126.110,0.868747E-01,3.14627,16.4226,0.136045E-01,6.24808,115.536,7.89951,0.126977,-0.980879,0.257170,0.880709E-01,0.00000,0.859029E-01,0.809357E-01
0,142,2.80086,126.130,0.853621E-01,3.14807,16.5353,0.136045E-01,6.17110,114.456,5.63626,0.585406,1.19002,0.254785,0.832181E-01,0.00000,0.858488E-01,0.831868E-01
0,143,2.45693,126.148,0.827046E-01,3.15303,16.6507,0.136045E-01,6.09380,115.750,5.88306,0.242695,1.06151,0.257643,0.840613E-01,0.00000,0.864272E-01,0.815879E-01
0,144,2.88287,126.147,0.834842E-01,3.15791,16.7669,0.136045E-01,6.52217,116.702,7.06357,0.454793,-0.193832,0.259768,0.875023E-01,0.00000,0.870572E-01,0.843236E-01
0,145,3.44198,126.257,0.871899E-01,3.16463,16.8753,0.136045E-01,6.62765,116.566,7.40507,0.108125,-0.470753,0.259456,0.883700E-01,0.00000,0.873374E-01,0.794748E-01
0,146,3.78756,126.396,0.864422E-01,3.17091,16.9906,0.136045E-01,7.54556,115.894,8.14509,0.558623,-1.41115,0.257978,0.900193E-01,0.00000,0.868967E-01,0.821312E-01
0,147,3.81514,126.457,0.879827E-01,3.17804,17.1022,0.136045E-01,7.06890,114.527,7.26914,0.250973,-0.538208,0.254956,0.869905E-01,0.00000,0.858049E-01,0.805606E-01
0,148,4.04542,126.588,0.865841E-01,3.18704,17.2173,0.136045E-01,7.77894,113.916,8.25610,0.440443,-1.60794,0.253604,0.890011E-01,0.00000,0.854411E-01,0.833797E-01
0,149,2.69281,126.546,0.830832E-01,3.19233,17.3319,0.136045E-01,6.18699,112.366,4.90642,0.321235,1.76973,0.250177,0.808509E-01,0.00000,0.847849E-01,0.794144E-01
0,150,3.02047,126.529,0.881627E-01,3.19610,17.4389,0.136045E-01,5.86793,113.898,6.28548,0.728843,0.179608,0.253578,0.845401E-01,0.00000,0.849504E-01,0.811307E-01
0,151,4.07856,126.642,0.905778E-01,3.20216,17.5493,0.136045E-01,7.23205,114.243,8.51389,0.163090,-1.91165,0.254359,0.888558E-01,0.00000,0.846009E-01,0.824684E-01
0,152,4.02913,126.724,0.894793E-01,3.21004,17.6622,0.136045E-01,7.35352,112.303,7.49893,0.223532,-0.942019,0.250042,0.862117E-01,0.00000,0.841234E-01,0.822028E-01
0,153,2.75435,126.691,0.859160E-01,3.21596,17.7749,0.136045E-01,6.03947,111.275,4.84367,0.329768,1.60461,0.247765,0.797663E-01,0.00000,0.833374E-01,0.850387E-01
0,154,3.23028,126.768,0.859576E-01,3.22096,17.8904,0.136045E-01,6.90312,112.974,7.57198,0.292096,-0.123281,0.251545,0.892148E-01,0.00000,0.887185E-01,0.872542E-01
0,155,2.88265,126.820,0.880653E-01,3.22466,18.0007,0.136045E-01,6.08957,112.775,5.90438,0.461680,1.20537,0.251153,0.865909E-01,0.00000,0.891611E-01,0.805592E-01
0,156,2.34287,126.868,0.873227E-01,3.22738,18.1129,0.136045E-01,5.69895,113.738,5.31962,0.783262,1.26248,0.253308,0.850278E-01,0.00000,0.877948E-01,0.834525E-01
0,157,2.78316,126.945,0.901640E-01,3.23161,18.2223,0.136045E-01,5.90290,115.186,6.52908,0.178326,0.231463,0.256496,0.874726E-01,0.00000,0.879962E-01,0.793824E-01
0,158,3.17118,127.061,0.897902E-01,3.23710,18.3364,0.136045E-01,6.66343,115.251,7.28171,0.461364,-0.684200,0.256658,0.892170E-01,0.00000,0.876977E-01,0.872522E-01
0,159,2.74130,127.121,0.890347E-01,3.24243,18.4493,0.136045E-01,6.09192,114.852,5.83491,0.389375E-01,1.04655,0.255774,0.860131E-01,0.00000,0.883492E-01,0.830266E-01
0,160,2.74784,127.219,0.885257E-01,3.24743,18.5637,0.136045E-01,6.28192,115.732,6.50095,0.699570,0.270079,0.257744,0.887390E-01,0.00000,0.893537E-01,0.861456E-01
0,161,3.55129,127.398,0.912290E-01,3.25487,18.6745,0.136045E-01,6.88402,116.175,7.97731,0.249103,-1.03696,0.258746,0.919507E-01,0.00000,0.896573E-01,0.828678E-01
0,162,3.71390,127.581,0.940954E-01,3.26004,18.7826,0.136045E-01,6.74573,114.999,7.19981,0.526960,-0.392750,0.256149,0.903279E-01,0.00000,0.894615E-01,0.820236E-01
0,163,2.56176,127.690,0.915587E-01,3.26278,18.8946,0.136045E-01,5.86362,114.568,4.93235,0.409174,1.83706,0.255194,0.853230E-01,0.00000,0.894145E-01,0.816074E-01
0,164,2.32781,127.890,0.853938E-01,3.27117,19.0126,0.136045E-01,6.36468,116.410,6.44839,0.265052,0.354273,0.259301,0.893131E-01,0.00000,0.901164E-01,0.837995E-01
0,165,2.72188,127.941,0.898808E-01,3.27508,19.1237,0.136045E-01,5.93148,116.805,6.48745,0.413049,0.369824,0.260199,0.897631E-01,0.00000,0.905378E-01,0.876040E-01
0,166,2.54677,128.043,0.888855E-01,3.27826,19.2396,0.136045E-01,6.17383,117.339,6.21758,0.228125,0.829540,0.261338,0.896920E-01,0.00000,0.915491E-01,0.877552E-01
0,167,2.69136,128.160,0.917524E-01,3.28215,19.3512,0.136045E-01,5.98335,118.116,6.35640,0.569258,0.674755,0.263080,0.908521E-01,0.00000,0.923671E-01,0.840244E-01
0,168,1.93309,128.321,0.899575E-01,3.28566,19.4625,0.136045E-01,5.35130,118.653,4.86467,0.746390,2.02109,0.264289,0.873737E-01,0.00000,0.918802E-01,0.811038E-01
0,169,1.90224,128.536,0.855715E-01,3.29194,19.5788,0.136045E-01,5.82055,120.566,6.12182,0.355470,0.669943,0.268561,0.904570E-01,0.00000,0.919658E-01,0.845256E-01
0,170,3.07907,128.673,0.910844E-01,3.29654,19.6912,0.136045E-01,6.47857,121.383,7.90416,0.200486,-0.946360,0.270394,0.948750E-01,0.00000,0.927901E-01,0.833300E-01
0,171,3.71825,128.884,0.976352E-01,3.30092,19.7973,0.136045E-01,6.53128,120.324,7.48815,0.725063,-0.659058,0.268061,0.935718E-01,0.00000,0.921261E-01,0.776120E-01
0,172,3.35161,129.122,0.952557E-01,3.30627,19.9106,0.136045E-01,6.80966,119.408,6.79377,0.936699,-0.265483,0.266043,0.910292E-01,0.00000,0.904475E-01,0.847979E-01
0,173,2.34523,129.244,0.948714E-01,3.31069,20.0188,0.136045E-01,5.38119,119.475,4.60516,0.957532E-01,2.22040,0.266205,0.853387E-01,0.00000,0.902943E-01,0.806690E-01
0,174,2.39214,129.461,0.921063E-01,3.31636,20.1321,0.136045E-01,5.95352,121.503,6.33129,0.571740,0.339524,0.270729,0.900648E-01,0.00000,0.908247E-01,0.824841E-01
0,175,2.47525,129.626,0.910955E-01,3.32306,20.2445,0.136045E-01,5.93767,121.917,6.29836,0.273164,0.420894,0.271655,0.893864E-01,0.00000,0.903355E-01,0.836377E-01
0,176,2.07498,129.788,0.870475E-01,3.32935,20.3598,0.136045E-01,5.83766,122.379,5.71352,0.485999,1.06061,0.272696,0.884852E-01,0.00000,0.907804E-01,0.835865E-01
0,177,2.55063,129.834,0.944019E-01,3.33078,20.4659,0.136045E-01,5.35845,123.433,5.98660,0.774410,0.786430,0.274979,0.891213E-01,0.00000,0.908872E-01,0.802602E-01
0,178,1.94178,129.968,0.921447E-01,3.33333,20.5770,0.136045E-01,5.27090,124.090,4.90676,0.622011,1.71306,0.276453,0.862052E-01,0.00000,0.900165E-01,0.823738E-01
0,179,1.63703,130.114,0.849767E-01,3.34050,20.6958,0.136045E-01,5.60336,125.895,5.56347,0.407704,1.14232,0.280474,0.875489E-01,0.00000,0.900615E-01,0.883784E-01
0,180,1.49898,130.153,0.849542E-01,3.34551,20.8089,0.136045E-01,5.01941,127.141,5.03319,0.388484,1.79954,0.283215,0.868762E-01,0.00000,0.908930E-01,0.843508E-01
0,181,1.98977,130.238,0.844652E-01,3.34984,20.9254,0.136045E-01,5.79762,128.867,6.48997,0.574592,0.286757,0.287069,0.905173E-01,0.00000,0.911638E-01,0.837990E-01
0,182,3.84424,130.330,0.937452E-01,3.35485,21.0344,0.136045E-01,6.81020,129.097,8.86663,0.783415,-2.18283,0.287592,0.949533E-01,0.00000,0.901112E-01,0.845576E-01
0,183,3.15907,130.458,0.897426E-01,3.36146,21.1498,0.136045E-01,6.81816,126.961,6.37603,0.410492,0.275548,0.282852,0.876414E-01,0.00000,0.882535E-01,0.833314E-01
0,184,3.96302,130.566,0.928367E-01,3.36961,21.2616,0.136045E-01,7.19077,127.120,8.21398,0.631608,-1.69204,0.283206,0.914263E-01,0.00000,0.876604E-01,0.863690E-01
0,185,2.73646,130.606,0.895826E-01,3.37475,21.3745,0.136045E-01,6.10433,125.566,5.03065,0.365595,1.60370,0.279746,0.837381E-01,0.00000,0.873184E-01,0.820868E-01
0,186,2.38087,130.625,0.891364E-01,3.37914,21.4861,0.136045E-01,5.66558,126.962,5.44087,1.02309,0.993973,0.282865,0.848444E-01,0.00000,0.870641E-01,0.854437E-01
0,187,3.82384,130.740,0.937031E-01,3.38640,21.5948,0.136045E-01,6.83252,128.134,8.49918,0.169953,-1.91752,0.285483,0.909119E-01,0.00000,0.866714E-01,0.817944E-01
0,188,3.88294,130.869,0.932501E-01,3.39369,21.7061,0.136045E-01,7.11390,126.017,7.41335,1.03412,-1.03935,0.280796,0.883198E-01,0.00000,0.860279E-01,0.852592E-01
0,189,2.82920,130.892,0.883651E-01,3.39722,21.8248,0.136045E-01,6.57773,125.123,5.66545,0.263933,1.75269,0.278832,0.860023E-01,0.00000,0.896531E-01,0.859125E-01
0,190,2.97711,130.908,0.886348E-01,3.40441,21.9413,0.136045E-01,6.57419,126.658,6.85460,0.645370,-0.319263,0.282297,0.893512E-01,0.00000,0.886358E-01,0.851166E-01
0,191,2.74491,130.901,0.915159E-01,3.40903,22.0511,0.136045E-01,5.78564,126.394,5.65648,0.396080,0.906260,0.281717,0.860716E-01,0.00000,0.880137E-01,0.830779E-01
0,192,2.62034,130.970,0.876542E-01,3.41441,22.1690,0.136045E-01,6.43210,127.258,6.49437,0.512932,0.346651E-01,0.283566,0.880755E-01,0.00000,0.881689E-01,0.908362E-01
0,193,2.41669,130.976,0.908706E-01,3.41701,22.2798,0.136045E-01,5.59256,127.496,5.50494,0.196474,1.84857,0.284119,0.876815E-01,0.00000,0.916406E-01,0.879852E-01
0,194,3.62877,131.125,0.939884E-01,3.42215,22.3946,0.136045E-01,7.13355,129.238,8.60967,0.788986,-1.77831,0.288044,0.954783E-01,0.00000,0.915173E-01,0.882947E-01
0,195,2.61182,131.213,0.886794E-01,3.42961,22.5131,0.136045E-01,6.45951,127.412,5.64864,0.661393,1.08681,0.283982,0.878290E-01,0.00000,0.902377E-01,0.877376E-01
0,196,1.96802,131.298,0.867851E-01,3.43681,22.6263,0.136045E-01,5.55458,128.517,5.10891,0.344248,1.66671,0.286437,0.871881E-01,0.00000,0.908027E-01,0.825297E-01
0,197,2.80947,131.330,0.904955E-01,3.43944,22.7416,0.136045E-01,6.30442,130.038,7.29332,1.08810,-0.632477,0.289732,0.926576E-01,0.00000,0.912645E-01,0.891585E-01
0,198,3.83932,131.462,0.942801E-01,3.44672,22.8550,0.136045E-01,7.20691,129.658,8.48279,0.269463,-1.59756,0.288905,0.946356E-01,0.00000,0.910970E-01,0.869487E-01
0,199,3.18487,131.572,0.911483E-01,3.45351,22.9720,0.136045E-01,6.90230,127.992,6.47460,0.428824,0.321736,0.285210,0.897363E-01,0.00000,0.904747E-01,0.865244E-01
0,200,3.51252,131.700,0.893985E-01,3.46319,23.0914,0.136045E-01,7.52671,128.242,8.10177,0.630243,-1.36594,0.285794,0.935780E-01,0.00000,0.905455E-01,0.875285E-01
0,201,3.44723,131.748,0.886112E-01,3.47143,23.2101,0.136045E-01,7.29416,126.918,7.39572,0.465860,-0.644479,0.282853,0.914111E-01,0.00000,0.899896E-01,0.895769E-01
0,202,3.86329,131.841,0.935084E-01,3.47908,23.3203,0.136045E-01,6.97762,126.259,7.59646,0.581494,-0.848471,0.281401,0.921078E-01,0.00000,0.902348E-01,0.869191E-01
0,203,3.90309,132.017,0.945766E-01,3.48547,23.4314,0.136045E-01,7.20372,125.426,7.53110,0.522475,-0.773827,0.279563,0.918203E-01,0.00000,0.901153E-01,0.825154E-01
0,204,4.02110,132.228,0.912126E-01,3.49562,23.5499,0.136045E-01,8.09312,124.474,8.54031,0.826219,-1.96669,0.277461,0.941480E-01,0.00000,0.895949E-01,0.868226E-01
0,205,2.96370,132.216,0.901647E-01,3.50164,23.6643,0.136045E-01,6.35721,122.633,5.40202,0.327168,1.25300,0.273191,0.860098E-01,0.00000,0.887776E-01,0.881094E-01
0,206,3.60790,132.298,0.894597E-01,3.50938,23.7836,0.136045E-01,7.54300,123.923,8.38871,0.560905,-1.66968,0.276042,0.932336E-01,0.00000,0.895415E-01,0.901646E-01
0,207,2.89926,132.302,0.902022E-01,3.51319,23.8991,0.136045E-01,6.39497,122.305,5.80623,0.526785,1.69612,0.272465,0.892410E-01,0.00000,0.927202E-01,0.891879E-01
0,208,4.11016,132.456,0.981418E-01,3.51888,24.0073,0.136045E-01,6.98831,123.891,8.46101,0.744301,-1.58881,0.275944,0.957789E-01,0.00000,0.922550E-01,0.811261E-01
0,209,3.25937,132.636,0.941506E-01,3.52496,24.1219,0.136045E-01,6.85062,122.046,6.29409,0.590031,0.267244,0.271854,0.897354E-01,0.00000,0.903125E-01,0.895253E-01
0,210,3.78173,132.823,0.949320E-01,3.53379,24.2347,0.136045E-01,7.23025,122.678,8.05306,0.137607,-1.13661,0.273244,0.934488E-01,0.00000,0.909197E-01,0.845125E-01
0,211,3.31561,132.949,0.914724E-01,3.54104,24.3525,0.136045E-01,7.13954,121.304,6.91772,0.986386,-0.235314,0.270191,0.909675E-01,0.00000,0.904517E-01,0.893008E-01
0,212,2.30602,132.962,0.879919E-01,3.54696,24.4694,0.136045E-01,5.99921,121.266,5.11893,0.218619,1.74298,0.270117,0.865507E-01,0.00000,0.904425E-01,0.894457E-01
0,213,1.78695,133.032,0.879482E-01,3.55187,24.5801,0.136045E-01,5.21545,123.015,4.87711,0.531463,2.03839,0.274024,0.871395E-01,0.00000,0.916552E-01,0.873865E-01
0,214,1.88330,133.122,0.863224E-01,3.55511,24.6963,0.136045E-01,5.69733,125.052,6.00012,0.704337,0.953051,0.278533,0.904917E-01,0.00000,0.926164E-01,0.885309E-01
0,215,2.28507,133.112,0.888100E-01,3.55726,24.8121,0.136045E-01,5.85409,126.081,6.36106,0.660521,0.654112,0.280831,0.909772E-01,0.00000,0.924399E-01,0.871740E-01
0,216,1.89625,133.179,0.832838E-01,3.56350,24.9335,0.136045E-01,6.08027,126.629,5.88006,0.489576,1.02538,0.282059,0.898417E-01,0.00000,0.921247E-01,0.910769E-01
0,217,1.48464,133.164,0.817623E-01,3.56831,25.0513,0.136045E-01,5.35991,127.796,5.05076,0.328954,2.01617,0.284660,0.884323E-01,0.00000,0.929244E-01,0.865350E-01
0,218,2.88672,133.129,0.888969E-01,3.56950,25.1682,0.136045E-01,6.48750,129.705,7.97226,0.829847,-0.973324,0.288912,0.958014E-01,0.00000,0.936558E-01,0.886811E-01
0,219,2.64402,133.153,0.883293E-01,3.57368,25.2868,0.136045E-01,6.47416,128.818,6.37345,0.396439,0.672827,0.286961,0.913745E-01,0.00000,0.928850E-01,0.896313E-01
0,220,2.87856,133.209,0.959237E-01,3.57658,25.3931,0.136045E-01,5.72486,129.506,6.12219,0.444077,0.955506,0.288505,0.911801E-01,0.00000,0.933157E-01,0.849822E-01
0,221,3.14708,133.389,0.975468E-01,3.57884,25.5043,0.136045E-01,6.42244,130.369,6.98199,0.756493,0.473022E-02,0.290430,0.931675E-01,0.00000,0.931520E-01,0.866268E-01
0,222,2.25916,133.533,0.908617E-01,3.58454,25.6229,0.136045E-01,6.17373,130.443,5.54842,0.493729,1.48064,0.290572,0.893261E-01,0.00000,0.926193E-01,0.896837E-01
0,223,1.98813,133.598,0.894382E-01,3.59035,25.7386,0.136045E-01,5.65920,131.951,5.56798,0.404338,1.50489,0.293927,0.897309E-01,0.00000,0.930953E-01,0.908102E-01
0,224,3.23524,133.723,0.922155E-01,3.59642,25.8552,0.136045E-01,6.98773,133.534,8.47661,0.455535,-1.30051,0.297466,0.967738E-01,0.00000,0.939004E-01,0.895969E-01
0,225,2.60194,133.780,0.896758E-01,3.60195,25.9735,0.136045E-01,6.43082,132.174,5.97328,0.611269,1.11098,0.294462,0.904946E-01,0.00000,0.929457E-01,0.912381E-01
0,226,2.96503,133.845,0.933735E-01,3.60689,26.0860,0.136045E-01,6.30528,133.370,6.84528,0.349749,0.330647,0.297102,0.925517E-01,0.00000,0.933007E-01,0.876400E-01
0,227,3.23806,133.972,0.932730E-01,3.61155,26.2029,0.136045E-01,6.97469,133.578,7.49250,0.665566,-0.425757,0.297579,0.942968E-01,0.00000,0.933663E-01,0.914645E-01
0,228,4.33702,134.151,0.964638E-01,3.62025,26.3177,0.136045E-01,7.86864,133.297,9.26033,0.510899,-2.07365,0.296971,0.976342E-01,0.00000,0.930532E-01,0.882933E-01
0,229,5.51127,134.396,0.100412,3.63051,26.4304,0.136045E-01,8.77940,131.084,10.3123,0.712045,-3.30434,0.292080,0.990921E-01,0.00000,0.917618E-01,0.858942E-01
0,230,5.58376,134.608,0.991903E-01,3.64127,26.5474,0.136045E-01,9.18675,127.648,9.58760,0.701367,-2.77202,0.284456,0.961022E-01,0.00000,0.899567E-01,0.902757E-01
0,231,3.83111,134.744,0.936395E-01,3.64911,26.6651,0.136045E-01,7.63828,124.977,6.13937,0.347021,1.62569,0.278536,0.898340E-01,0.00000,0.932078E-01,0.915336E-01
0,232,3.40428,134.857,0.954614E-01,3.65567,26.7756,0.136045E-01,6.60366,126.542,6.40040,0.389121,0.661809,0.282066,0.908534E-01,0.00000,0.922953E-01,0.836570E-01
0,233,4.09855,135.042,0.952551E-01,3.66338,26.8917,0.136045E-01,7.81792,126.905,8.81259,0.873780,-2.07257,0.282849,0.956034E-01,0.00000,0.909943E-01,0.882946E-01
0,234,2.72645,135.020,0.888569E-01,3.66982,27.0126,0.136045E-01,6.64037,124.985,5.36732,0.332618,1.45215,0.278586,0.862664E-01,0.00000,0.895088E-01,0.905713E-01
0,235,2.45995,134.990,0.915986E-01,3.67323,27.1257,0.136045E-01,5.79701,126.508,5.61342,0.466721,1.88764,0.281990,0.892308E-01,0.00000,0.932628E-01,0.884723E-01
0,236,2.31876,135.037,0.912874E-01,3.67608,27.2412,0.136045E-01,5.92302,128.316,5.94483,0.605020,1.07768,0.286035,0.905170E-01,0.00000,0.929108E-01,0.903049E-01
0,237,1.80884,135.120,0.859574E-01,3.68166,27.3605,0.136045E-01,5.84772,129.487,5.54008,0.474645,1.57870,0.288641,0.897073E-01,0.00000,0.932114E-01,0.886924E-01
0,238,2.91879,135.116,0.913972E-01,3.68536,27.4766,0.136045E-01,6.48189,130.978,7.70384,0.678628,-0.638468,0.291957,0.952432E-01,0.00000,0.938311E-01,0.901499E-01
0,239,2.64353,135.124,0.925825E-01,3.68818,27.5927,0.136045E-01,6.18146,130.463,6.02953,0.283043,1.14831,0.290821,0.913094E-01,0.00000,0.938484E-01,0.927863E-01
0,240,3.89394,135.264,0.101220,3.69283,27.7007,0.136045E-01,6.71663,131.698,8.21489,0.536458,-0.917171,0.293556,0.968977E-01,0.00000,0.948620E-01,0.848984E-01
0,241,2.92963,135.423,0.937587E-01,3.69758,27.8228,0.136045E-01,7.06731,130.515,6.38473,1.13345,0.629480,0.290923,0.925210E-01,0.00000,0.938392E-01,0.930596E-01
0,242,2.00425,135.537,0.887666E-01,3.70654,27.9401,0.136045E-01,5.90836,131.379,5.21386,0.409952,2.02746,0.292765,0.896824E-01,0.00000,0.941989E-01,0.932172E-01
0,243,2.51967,135.591,0.940503E-01,3.70843,28.0522,0.136045E-01,5.86213,133.555,6.54412,0.431359,0.908507,0.297616,0.940489E-01,0.00000,0.960889E-01,0.876459E-01
0,244,3.91163,135.775,0.977487E-01,3.71270,28.1691,0.136045E-01,7.58964,134.284,9.28243,0.923928,-1.99784,0.299254,0.100431,0.00000,0.959788E-01,0.903177E-01
0,245,3.66348,135.954,0.952635E-01,3.72123,28.2869,0.136045E-01,7.52692,132.317,7.57544,0.431394,-0.334608,0.294874,0.949227E-01,0.00000,0.941887E-01,0.914471E-01
0,246,3.05401,136.041,0.940323E-01,3.72688,28.4046,0.136045E-01,6.78453,132.069,6.38030,0.325192,0.981238,0.294334,0.930309E-01,0.00000,0.952318E-01,0.903987E-01
0,247,3.27322,136.166,0.945898E-01,3.73325,28.5216,0.136045E-01,7.00366,132.992,7.46445,0.511141,-0.157163,0.296407,0.955221E-01,0.00000,0.951752E-01,0.907710E-01
0,248,2.81265,136.224,0.917616E-01,3.73832,28.6429,0.136045E-01,6.81465,132.847,6.53343,0.407358,0.778263,0.296086,0.933234E-01,0.00000,0.950339E-01,0.932490E-01
0,249,3.58590,136.349,0.963155E-01,3.74556,28.7565,0.136045E-01,7.02086,133.580,8.03319,0.505454,-0.748761,0.297694,0.970230E-01,0.00000,0.953816E-01,0.920743E-01
0,250,4.14805,136.552,0.998206E-01,3.75132,28.8689,0.136045E-01,7.46735,132.897,8.34407,0.609029,-0.997017,0.296200,0.976336E-01,0.00000,0.954427E-01,0.889763E-01
0,251,3.20745,136.683,0.928045E-01,3.75818,28.9912,0.136045E-01,7.38970,131.764,6.70299,0.731090,0.437676,0.293707,0.924221E-01,0.00000,0.933881E-01,0.926896E-01
0,252,1.92145,136.700,0.875056E-01,3.76598,29.1099,0.136045E-01,5.82347,132.275,4.67306,0.468036,2.52685,0.294841,0.875593E-01,0.00000,0.931945E-01,0.936318E-01
0,253,1.96512,136.684,0.914460E-01,3.76773,29.2216,0.136045E-01,5.31626,134.882,5.45529,0.326000,1.87116,0.300654,0.903514E-01,0.00000,0.945402E-01,0.893172E-01
0,254,2.13870,136.782,0.868666E-01,3.77188,29.3439,0.136045E-01,6.42532,136.590,6.81970,0.992113,0.366583,0.304482,0.939009E-01,0.00000,0.947204E-01,0.936195E-01
0,255,3.00391,136.787,0.943452E-01,3.77650,29.4551,0.136045E-01,6.19471,137.058,7.17621,0.582453,0.914497E-01,0.305530,0.942428E-01,0.00000,0.944557E-01,0.870863E-01
0,256,4.47179,136.967,0.964918E-01,3.78306,29.5735,0.136045E-01,8.35811,136.954,10.1237,0.650263,-3.07219,0.305304,0.100332,0.00000,0.935186E-01,0.931575E-01
0,257,5.56997,137.147,0.105755,3.78871,29.6825,0.136045E-01,8.17570,134.033,9.56374,0.362978,-1.59891,0.298830,0.100296,0.00000,0.965668E-01,0.894307E-01
0,258,4.05347,137.435,0.959617E-01,3.79854,29.8042,0.136045E-01,8.43844,132.225,7.33129,0.952739,-0.197369,0.294910,0.946654E-01,0.00000,0.942392E-01,0.944602E-01
0,259,3.66764,137.557,0.974407E-01,3.80623,29.9174,0.136045E-01,7.03495,132.167,6.88410,0.264110,0.762868,0.294804,0.937438E-01,0.00000,0.953472E-01,0.898732E-01
0,260,3.33902,137.663,0.100301,3.80889,30.0283,0.136045E-01,6.44148,132.762,6.32959,0.716690,0.855187,0.296183,0.928730E-01,0.00000,0.947685E-01,0.902390E-01
0,261,4.37605,137.883,0.103407,3.81522,30.1405,0.136045E-01,7.56663,133.683,8.93642,0.535484,-1.71247,0.298233,0.980509E-01,0.00000,0.942614E-01,0.909657E-01
0,262,2.90741,138.016,0.941226E-01,3.82270,30.2620,0.136045E-01,6.99538,131.979,5.78144,0.361037,1.39793,0.294461,0.899736E-01,0.00000,0.929802E-01,0.914035E-01
0,263,3.25851,138.081,0.933684E-01,3.83164,30.3814,0.136045E-01,7.13572,133.360,7.67087,0.577320,-0.483181,0.297439,0.946171E-01,0.00000,0.935748E-01,0.921318E-01
0,264,3.47278,138.122,0.961173E-01,3.83730,30.4962,0.136045E-01,6.88486,132.918,7.25596,0.546178,-0.201583E-01,0.296486,0.938496E-01,0.00000,0.938338E-01,0.922538E-01
0,265,3.71199,138.246,0.982260E-01,3.84308,30.6093,0.136045E-01,7.06069,132.962,7.53693,0.694423,-0.231440,0.296614,0.946084E-01,0.00000,0.941182E-01,0.905585E-01
0,266,2.60180,138.257,0.966213E-01,3.84512,30.7242,0.136045E-01,5.99558,132.671,5.01063,0.558792,2.21345,0.295997,0.884828E-01,0.00000,0.934074E-01,0.934932E-01
0,267,3.37494,138.387,0.980805E-01,3.85090,30.8396,0.136045E-01,6.92169,135.022,7.94112,0.225066,-0.530457,0.301227,0.961062E-01,0.00000,0.949535E-01,0.864782E-01
0,268,3.47382,138.517,0.992143E-01,3.85707,30.9530,0.136045E-01,6.83156,134.159,7.17388,1.26858,-0.107179,0.299343,0.941314E-01,0.00000,0.939009E-01,0.925510E-01
0,269,2.60454,138.549,0.983008E-01,3.85971,31.0658,0.136045E-01,5.86474,134.352,5.14005,0.452970,2.17436,0.299781,0.883987E-01,0.00000,0.932716E-01,0.885773E-01
0,270,2.69368,138.606,0.996927E-01,3.86225,31.1785,0.136045E-01,5.94000,136.376,6.19873,0.677352,0.999047,0.304317,0.915459E-01,0.00000,0.937681E-01,0.903209E-01
0,271,3.72293,138.808,0.100431,3.86978,31.2929,0.136045E-01,7.22821,137.464,8.57409,0.596660,-1.27668,0.306738,0.970458E-01,0.00000,0.942325E-01,0.895921E-01
0,272,2.91848,138.854,0.973042E-01,3.87491,31.4098,0.136045E-01,6.46945,136.101,5.82833,0.259753,1.33430,0.303733,0.899819E-01,0.00000,0.928425E-01,0.949674E-01
0,273,2.87920,138.958,0.979432E-01,3.87830,31.5255,0.136045E-01,6.42867,137.537,6.60822,0.518544,1.42837,0.306820,0.946934E-01,0.00000,0.977372E-01,0.911090E-01
0,274,1.96116,139.060,0.888098E-01,3.88460,31.6509,0.136045E-01,6.39218,138.802,5.70194,0.669609,1.63633,0.309758,0.926307E-01,0.00000,0.962663E-01,0.989348E-01
0,275,2.07091,139.071,0.875473E-01,3.89079,31.7751,0.136579E-01,6.29011,140.570,6.53496,0.530042,1.27028,0.313682,0.956742E-01,0.533617E-04,0.984012E-01,0.948130E-01
0,276,2.80990,139.043,0.913134E-01,3.89429,31.8969,0.136579E-01,6.79170,141.744,7.62467,0.868491,-0.140469,0.316310,0.984021E-01,0.00000,0.980682E-01,0.972503E-01
0,277,2.37318,139.033,0.952710E-01,3.89622,32.0110,0.136579E-01,5.77772,141.783,5.44427,0.346620,2.20276,0.316389,0.931213E-01,0.00000,0.980391E-01,0.899398E-01
0,278,3.22900,139.163,0.972754E-01,3.89942,32.1305,0.136579E-01,7.11317,143.729,8.21875,0.798018,-0.794894,0.320739,0.100255,0.00000,0.983079E-01,0.974345E-01
0,279,3.49344,139.316,0.100375,3.90553,32.2447,0.136579E-01,6.92774,143.262,7.45973,0.345959,0.267309,0.319526,0.978580E-01,0.00000,0.984571E-01,0.928111E-01
0,280,3.75932,139.525,0.104331,3.90975,32.3551,0.136579E-01,6.87175,143.358,7.45695,0.815661,0.891709E-01,0.319741,0.976802E-01,0.00000,0.978848E-01,0.890819E-01
0,281,4.89419,139.810,0.105018,3.91741,32.4732,0.136579E-01,8.60364,143.303,10.1412,0.717288,-2.76630,0.319620,0.103016,0.00000,0.968809E-01,0.963525E-01
0,282,5.29925,140.123,0.102515,3.93104,32.5935,0.136579E-01,9.39648,140.738,10.2353,0.397499,-2.68872,0.313942,0.102549,0.00000,0.965873E-01,0.958433E-01
0,283,3.34757,140.290,0.941054E-01,3.93985,32.7173,0.136579E-01,7.74341,137.981,6.08290,0.525512,1.93300,0.307830,0.944970E-01,0.00000,0.986652E-01,0.959018E-01
0,284,2.61070,140.278,0.938977E-01,3.94406,32.8382,0.136579E-01,6.47482,139.756,5.84614,0.701889,1.62732,0.311837,0.944687E-01,0.00000,0.980709E-01,0.958064E-01
0,285,3.38242,140.408,0.980227E-01,3.95061,32.9539,0.136579E-01,6.99244,141.461,8.01058,0.837764,-0.449702,0.315620,0.994897E-01,0.00000,0.984802E-01,0.906027E-01
0,286,2.67453,140.459,0.973501E-01,3.95250,33.0720,0.136579E-01,6.34613,140.873,5.80656,0.850810,1.58659,0.314309,0.939311E-01,0.00000,0.974486E-01,0.928024E-01
0,287,3.02093,140.580,0.990956E-01,3.95754,33.1880,0.136579E-01,6.61035,142.552,7.19436,0.746296,0.295974,0.318032,0.971302E-01,0.00000,0.978157E-01,0.941125E-01
0,288,1.82228,140.693,0.899795E-01,3.96288,33.3123,0.136579E-01,6.17423,142.947,5.21241,0.509859,2.36802,0.318940,0.925174E-01,0.00000,0.977893E-01,0.976230E-01
0,289,4.22212,140.795,0.994517E-01,3.97005,33.4289,0.136579E-01,7.76291,145.361,10.3813,0.692792,-2.71873,0.324317,0.104808,0.00000,0.987873E-01,0.970457E-01
0,290,3.31920,140.924,0.978318E-01,3.97546,33.5465,0.136579E-01,7.07160,142.686,6.41550,0.597371,1.25942,0.318396,0.953171E-01,0.00000,0.981065E-01,0.909595E-01
0,291,4.04279,141.080,0.988382E-01,3.98232,33.6666,0.136579E-01,7.98203,143.721,8.98153,1.24560,-1.53489,0.320685,0.100918,0.00000,0.975078E-01,0.953596E-01
0,292,4.53100,141.233,0.103910,3.99039,33.7781,0.136579E-01,7.56991,142.296,8.32218,0.387404,-0.828475,0.317519,0.980443E-01,0.00000,0.961786E-01,0.898864E-01
0,293,3.59383,141.404,0.997170E-01,3.99628,33.8948,0.136579E-01,7.29706,141.305,6.64824,0.704900,0.655165,0.315287,0.936611E-01,0.00000,0.951206E-01,0.928086E-01
0,294,2.55838,141.391,0.904263E-01,4.00143,34.0241,0.136579E-01,7.09742,142.073,6.17785,0.530467,1.22059,0.317002,0.922251E-01,0.00000,0.949412E-01,0.105712
0,295,3.85983,141.437,0.954344E-01,4.00956,34.1562,0.142618E-01,7.77512,143.553,9.25467,0.458036,-0.859439,0.320294,0.101735,0.603931E-03,0.996726E-01,0.975004E-01
0,296,3.41508,141.515,0.891104E-01,4.01721,34.2867,0.142618E-01,8.41911,142.465,8.18299,1.00216,-0.532941,0.317978,0.993504E-01,0.00000,0.981758E-01,0.104803
0,297,3.36274,141.443,0.912247E-01,4.02371,34.4223,0.148519E-01,7.50576,141.974,7.51728,0.552836,0.459522,0.316893,0.979594E-01,0.590128E-03,0.989012E-01,0.973893E-01
0,298,5.55897,141.559,0.104153,4.03127,34.5341,0.148519E-01,8.44312,142.327,10.8671,0.605342,-3.23967,0.317727,0.105225,0.00000,0.980516E-01,0.899669E-01
0,299,3.57478,141.682,0.965449E-01,4.03619,34.6566,0.148519E-01,7.74114,138.869,6.00251,0.892570,1.35899,0.310078,0.933600E-01,0.00000,0.963542E-01,0.981063E-01
0,300,3.81308,141.784,0.981772E-01,4.04307,34.7753,0.148519E-01,7.60621,140.528,8.06491,0.238555,-0.864705E-01,0.313746,0.989661E-01,0.00000,0.987687E-01,0.940752E-01
0,301,2.95365,141.809,0.964068E-01,4.04665,34.8964,0.148519E-01,6.84501,140.221,6.13223,0.948920,1.40792,0.313168,0.949139E-01,0.00000,0.980595E-01,0.977632E-01
0,302,2.96792,141.846,0.998231E-01,4.05027,35.0120,0.148519E-01,6.40331,141.796,6.56952,0.531255,1.14775,0.316698,0.961200E-01,0.00000,0.986668E-01,0.932312E-01
0,303,2.84468,141.938,0.100350,4.05311,35.1288,0.148519E-01,6.44506,142.798,6.53131,0.858793,1.04563,0.318917,0.961875E-01,0.00000,0.984887E-01,0.972982E-01
0,304,2.36933,142.011,0.950546E-01,4.05783,35.2524,0.148519E-01,6.53618,144.045,6.25706,0.406640,1.49933,0.321668,0.950533E-01,0.00000,0.984203E-01,0.965890E-01
0,305,2.41296,142.016,0.980197E-01,4.06189,35.3689,0.148519E-01,5.96071,145.471,6.12646,0.778448,1.58762,0.324874,0.954887E-01,0.00000,0.990353E-01,0.957324E-01
0,306,2.58792,142.057,0.999141E-01,4.06290,35.4866,0.148519E-01,6.19254,147.088,6.52651,0.402904,1.22682,0.328485,0.966055E-01,0.00000,0.993214E-01,0.969085E-01
0,307,3.80477,142.253,0.102912,4.06967,35.6035,0.148519E-01,7.45659,148.321,8.98609,0.790894,-1.21860,0.331217,0.102234,0.00000,0.995313E-01,0.941655E-01
0,308,4.15511,142.476,0.993953E-01,4.07955,35.7264,0.148519E-01,8.46678,147.027,9.16338,0.671480,-1.52369,0.328347,0.101436,0.00000,0.980473E-01,0.980817E-01
0,309,3.21968,142.587,0.982746E-01,4.08520,35.8447,0.148519E-01,7.03274,145.596,6.32637,0.669990,1.95457,0.325166,0.965384E-01,0.00000,0.100791,0.954945E-01
0,310,3.12111,142.690,0.982411E-01,4.08918,35.9648,0.148519E-01,7.03627,147.444,7.16143,0.719840,0.619491,0.329377,0.987783E-01,0.00000,0.100091,0.954882E-01
0,311,3.77381,142.858,0.986999E-01,4.09713,36.0853,0.148519E-01,7.84156,148.016,8.78331,0.517823,-1.06713,0.330588,0.101906,0.00000,0.995406E-01,0.955182E-01
0,312,4.89512,143.029,0.103398,4.10529,36.2029,0.148519E-01,8.49479,146.992,9.90383,0.393158,-2.16885,0.328327,0.103817,0.00000,0.990134E-01,0.962258E-01
0,313,3.75415,143.202,0.954804E-01,4.11433,36.3293,0.148519E-01,8.40539,144.832,7.56352,0.818676,0.163024,0.323543,0.982486E-01,0.00000,0.986177E-01,0.980366E-01
0,314,3.11557,143.210,0.942148E-01,4.12013,36.4530,0.148519E-01,7.27759,145.020,6.77055,0.594709,1.45267,0.323971,0.973245E-01,0.00000,0.100457,0.100813
0,315,3.89130,143.301,0.996056E-01,4.12610,36.5705,0.148557E-01,7.54621,146.530,8.53055,0.409686,-0.462987,0.327405,0.101819,0.376789E-05,0.100776,0.963793E-01
0,316,3.93980,143.469,0.995530E-01,4.13246,36.6899,0.148557E-01,7.90241,145.876,8.23825,0.679404,-0.491651,0.325990,0.100637,0.00000,0.995222E-01,0.976687E-01
0,317,4.48467,143.605,0.100630,4.14019,36.8111,0.148557E-01,8.45669,145.434,9.25886,0.575420,-1.49801,0.324993,0.102106,0.00000,0.987293E-01,0.100426
0,318,3.50102,143.689,0.101603,4.14471,36.9277,0.149318E-01,6.92687,143.958,6.14390,0.538195,1.94468,0.321664,0.954418E-01,0.761360E-04,0.996651E-01,0.958237E-01
0,319,4.31472,143.861,0.997558E-01,4.15148,37.0539,0.149318E-01,8.78572,145.767,9.89766,0.646693,-2.16541,0.325704,0.104400,0.00000,0.995505E-01,0.102024
0,320,4.27664,144.010,0.993241E-01,4.16223,37.1792,0.151431E-01,8.35110,143.719,8.58694,0.616013,-0.529817,0.321122,0.101130,0.211252E-03,0.999117E-01,0.988085E-01
0,321,3.94408,144.096,0.100413,4.16826,37.2976,0.151431E-01,7.64064,143.118,7.51274,0.595425,0.271248,0.319837,0.983749E-01,0.00000,0.989768E-01,0.989138E-01
0,322,2.87889,144.140,0.973970E-01,4.17231,37.4184,0.151431E-01,6.79600,143.399,5.89597,0.654086,1.89536,0.320465,0.946993E-01,0.00000,0.989273E-01,0.100458
0,323,3.00610,144.200,0.102599,4.17442,37.5317,0.151431E-01,6.29764,145.355,6.59724,0.576318,1.55815,0.324832,0.976142E-01,0.00000,0.101038,0.927428E-01
0,324,3.52705,144.381,0.986773E-01,4.17940,37.6583,0.151431E-01,8.06034,146.638,8.88972,0.998173,-1.19742,0.327734,0.103137,0.00000,0.100472,0.101651
0,325,2.90738,144.431,0.977515E-01,4.18644,37.7807,0.152661E-01,6.78168,145.692,6.33367,0.174831,1.77786,0.325640,0.965062E-01,0.122970E-03,0.100422,0.987089E-01
0,326,2.60560,144.464,0.979697E-01,4.18868,37.9014,0.152661E-01,6.49142,147.404,6.34369,0.597631,1.57812,0.329491,0.976670E-01,0.00000,0.101192,0.967259E-01
0,327,3.12166,144.593,0.954054E-01,4.19558,38.0278,0.152661E-01,7.67614,148.903,8.44804,0.968213,-0.590896,0.332848,0.102750,0.00000,0.101365,0.989038E-01
0,328,4.10610,144.727,0.978014E-01,4.20528,38.1503,0.152661E-01,8.34990,148.406,9.59011,0.505794,-1.65990,0.331668,0.104763,0.00000,0.101090,0.977429E-01
0,329,3.01621,144.722,0.951366E-01,4.20985,38.2738,0.152661E-01,7.13935,146.687,6.16793,0.584163,1.64357,0.327866,0.958345E-01,0.00000,0.994902E-01,0.100334
0,330,3.09954,144.746,0.992979E-01,4.21236,38.3919,0.152661E-01,6.76244,148.440,6.98848,0.446720,1.35957,0.331768,0.994250E-01,0.00000,0.102387,0.976636E-01
0,331,4.18789,144.953,0.102383,4.21939,38.5107,0.152661E-01,8.08399,149.626,9.49774,0.711190,-1.61692,0.334491,0.104996,0.00000,0.101370,0.944639E-01
0,332,3.13950,145.017,0.990706E-01,4.22338,38.6332,0.152661E-01,7.17034,147.894,6.30898,0.604459,1.41326,0.330616,0.968662E-01,0.00000,0.100010,0.101593
0,333,2.81381,145.067,0.980504E-01,4.22716,38.7564,0.152661E-01,6.89829,149.562,6.74604,0.274301,1.55601,0.334328,0.992093E-01,0.00000,0.102574,0.101990
0,334,3.81756,145.178,0.102708,4.23260,38.8767,0.152661E-01,7.63202,151.053,8.86712,0.801826,-0.819389,0.337663,0.104725,0.00000,0.102829,0.988821E-01
0,335,4.64873,145.385,0.107153,4.24040,38.9930,0.152661E-01,8.13227,150.132,9.28682,0.715038,-1.38750,0.335543,0.104606,0.00000,0.101458,0.973456E-01
0,336,5.47641,145.669,0.111899,4.24862,39.1058,0.152661E-01,8.53941,148.742,9.76363,0.534105,-1.91350,0.332390,0.104515,0.00000,0.100277,0.918430E-01
0,337,3.53076,145.841,0.101038,4.25532,39.2312,0.152661E-01,7.88723,146.577,6.23840,0.705072,1.30056,0.327591,0.953343E-01,0.00000,0.982225E-01,0.102709
0,338,3.62351,145.959,0.105944,4.26217,39.3457,0.153739E-01,6.80391,148.248,7.12962,0.215253,1.22193,0.331314,0.989838E-01,0.107846E-03,0.101630,0.899543E-01
0,339,3.94241,146.149,0.107527,4.26520,39.4628,0.153739E-01,7.48281,148.893,8.10929,1.08048,-0.615677,0.332813,0.101866,0.00000,0.100424,0.949038E-01
0,340,3.46459,146.302,0.106973,4.27102,39.5782,0.153739E-01,6.87771,148.574,6.66797,0.208376,1.05422,0.332043,0.970477E-01,0.00000,0.994300E-01,0.979419E-01
0,341,3.15270,146.430,0.106292,4.27477,39.6951,0.153739E-01,6.67645,149.695,6.60990,0.294783,1.19994,0.334581,0.973833E-01,0.00000,0.100098,0.979612E-01
0,342,2.34132,146.528,0.973463E-01,4.27988,39.8234,0.153739E-01,6.84041,150.889,6.25517,0.712315,1.57708,0.337288,0.972652E-01,0.00000,0.100795,0.107190
0,343,4.85316,146.722,0.104010,4.29072,39.9520,0.156793E-01,8.96202,152.686,11.7956,0.526313,-3.31064,0.341311,0.111680,0.305372E-03,0.104136,0.998537E-01
0,344,4.91089,146.945,0.104778,4.30073,40.0726,0.156793E-01,8.87845,149.113,9.28008,1.16881,-1.39019,0.333331,0.105004,0.00000,0.101905,0.975710E-01
0,345,4.11953,147.066,0.105055,4.30703,40.1897,0.156793E-01,7.63546,147.722,7.08261,0.609642,0.732723,0.330235,0.984033E-01,0.00000,0.100044,0.975591E-01
0,346,4.46129,147.229,0.101786,4.31475,40.3163,0.156793E-01,8.91741,148.433,9.54817,0.864813,-1.76143,0.331832,0.103832,0.00000,0.998332E-01,0.105117
0,347,3.07848,147.192,0.959492E-01,4.32068,40.4528,0.160839E-01,7.50021,146.845,6.21740,0.390683,2.12301,0.328219,0.964051E-01,0.404582E-03,0.101071,0.103146
0,348,2.80305,147.149,0.102433,4.32398,40.5696,0.162154E-01,6.07048,148.830,5.86848,0.682851,2.21790,0.332741,0.969554E-01,0.131505E-03,0.101831,0.946335E-01
0,349,2.37265,147.176,0.959225E-01,4.32499,40.6998,0.162154E-01,6.95299,150.867,6.67997,1.01677,1.12097,0.337267,0.991311E-01,0.00000,0.101560,0.101660
0,350,3.67526,147.235,0.100391,4.33428,40.8214,0.162154E-01,7.62994,152.148,9.11344,0.366908,-0.990596,0.340062,0.104331,0.00000,0.102102,0.101753
0,351,3.90866,147.358,0.103717,4.34033,40.9386,0.162154E-01,7.51744,151.246,7.99112,0.527167,0.694504E-01,0.338107,0.101705,0.00000,0.101823,0.972563E-01
0,352,5.49978,147.556,0.112678,4.34519,41.0516,0.162154E-01,8.39901,151.165,10.3009,0.985678,-2.39901,0.337889,0.106610,0.00000,0.101300,0.972539E-01
0,353,4.50694,147.813,0.102588,4.35500,41.1795,0.162154E-01,9.25694,148.770,8.64942,0.503869,-0.808995,0.332587,0.101526,0.00000,0.997063E-01,0.104962
0,354,4.02437,147.838,0.985122E-01,4.36411,41.3162,0.165909E-01,8.58272,148.053,8.26098,0.524433,0.599518E-01,0.330985,0.101114,0.375528E-03,0.101207,0.105637
0,355,4.36653,147.914,0.103571,4.37357,41.4417,0.170317E-01,7.86109,148.023,8.40550,0.674611,-0.322284,0.331042,0.101962,0.440777E-03,0.101230,0.973195E-01
0,356,3.55497,148.000,0.103147,4.37685,41.5593,0.170317E-01,7.18866,147.561,6.58086,0.839814,1.22190,0.330069,0.973191E-01,0.00000,0.100043,0.958849E-01
0,357,3.53569,148.058,0.970088E-01,4.38290,41.6901,0.170317E-01,8.30660,148.786,8.47628,0.587273,-0.679540,0.332804,0.101299,0.00000,0.997914E-01,0.108206
0,358,2.80372,147.971,0.942810E-01,4.38935,41.8303,0.176716E-01,7.17722,148.353,6.49808,0.177461,1.85452,0.331856,0.977057E-01,0.639929E-03,0.101807,0.107555
0,359,3.03496,147.929,0.100997,4.39213,41.9560,0.181142E-01,6.53327,150.216,6.84792,0.642938,1.43798,0.336100,0.999377E-01,0.442585E-03,0.103129,0.936584E-01
0,360,3.65810,148.028,0.100778,4.39601,42.0810,0.181142E-01,7.93368,151.218,8.78130,0.807752,-1.01926,0.338354,0.104015,0.00000,0.101721,0.104289
0,361,4.55906,148.123,0.101366,4.40447,42.2116,0.182901E-01,9.00536,150.544,10.1312,0.326307,-1.84625,0.336844,0.106623,0.175882E-03,0.102530,0.106302
0,362,4.17249,148.224,0.102110,4.41347,42.3400,0.186850E-01,8.09688,148.659,7.94040,0.691326,0.259166,0.332749,0.101775,0.394930E-03,0.102353,0.993867E-01
0,363,3.32024,148.275,0.994922E-01,4.41829,42.4632,0.186850E-01,7.44965,148.777,6.77164,0.790673,1.17351,0.333073,0.987662E-01,0.00000,0.101424,0.990310E-01
0,364,3.71832,148.332,0.100903,4.42503,42.5848,0.186850E-01,7.69078,149.950,8.26713,0.445030,-0.339539,0.335732,0.101720,0.00000,0.101008,0.101223
0,365,3.32090,148.370,0.102004,4.42874,42.7038,0.186850E-01,7.04737,149.681,6.80671,0.592989,1.48942,0.335180,0.987090E-01,0.00000,0.101994,0.101025
0,366,3.67674,148.484,0.102104,4.43423,42.8254,0.186850E-01,7.71256,151.173,8.30457,0.462382,-0.232252,0.338589,0.102424,0.00000,0.101888,0.998996E-01
0,367,3.92186,148.610,0.102559,4.44180,42.9458,0.186850E-01,7.87196,150.888,8.36319,0.544252,-0.358822,0.337939,0.102161,0.00000,0.101412,0.101377
0,368,3.48871,148.709,0.983666E-01,4.44771,43.0720,0.186850E-01,7.98028,150.567,7.77250,0.576148,0.536546,0.337274,0.101297,0.00000,0.102437,0.104507
0,369,3.22770,148.711,0.101714,4.45189,43.1936,0.188610E-01,6.86564,151.152,6.72821,0.416074,1.55095,0.338638,0.992871E-01,0.175965E-03,0.102747,0.976136E-01
0,370,3.15333,148.778,0.100046,4.45529,43.3178,0.188610E-01,7.36481,152.458,7.48158,0.823169,0.467866,0.341607,0.101221,0.00000,0.102312,0.102693
0,371,4.04664,148.883,0.106295,4.46095,43.4341,0.188610E-01,7.51158,153.106,8.62629,0.535407,-0.303681,0.343106,0.104162,0.00000,0.103472,0.102061
0,372,3.29424,149.000,0.103214,4.46417,43.5563,0.188610E-01,7.34158,152.741,6.82833,0.599279,1.27817,0.342356,0.999816E-01,0.00000,0.102852,0.104835
0,373,3.14942,149.061,0.103730,4.46767,43.6792,0.189185E-01,7.05929,154.088,7.09835,0.664702,1.28213,0.345384,0.101447,0.575662E-04,0.104260,0.104792
0,374,3.65414,149.216,0.106815,4.47318,43.7975,0.189323E-01,7.34286,155.359,8.12085,0.761531,0.223415,0.348243,0.104148,0.137931E-04,0.104654,0.101975
0,375,3.64566,149.374,0.106620,4.47851,43.9170,0.189323E-01,7.44495,155.477,7.71450,0.725698,0.392618,0.348558,0.102137,0.00000,0.102982,0.992431E-01
0,376,3.26241,149.518,0.101152,4.48555,44.0430,0.189323E-01,7.70440,155.804,7.59083,0.434888,0.443768,0.349258,0.101648,0.00000,0.102668,0.105022
0,377,3.24127,149.594,0.101938,4.49156,44.1660,0.190069E-01,7.23901,156.354,7.41715,0.591165,0.992946,0.350528,0.102134,0.746052E-04,0.104276,0.102643
0,378,3.16260,149.691,0.101825,4.49634,44.2874,0.190069E-01,7.20248,157.240,7.34209,0.724048,0.766231,0.352526,0.101923,0.00000,0.103681,0.103336
0,379,3.35278,149.774,0.106256,4.49903,44.4040,0.190069E-01,6.87462,158.021,7.26516,0.355474,1.04247,0.354319,0.102089,0.00000,0.104283,0.100063
0,380,3.21924,149.893,0.104179,4.50201,44.5279,0.190069E-01,7.35853,158.910,7.46794,1.02178,0.543881,0.356234,0.102629,0.00000,0.103811,0.105480
0,381,3.34613,150.012,0.100312,4.50986,44.6583,0.191401E-01,7.92809,159.620,8.30422,0.457261,0.628830E-01,0.357807,0.104141,0.133206E-03,0.104148,0.104357
0,382,4.16789,150.095,0.107321,4.51657,44.7758,0.191697E-01,7.60368,159.586,8.62581,0.737070,-0.402183,0.357690,0.104966,0.295934E-04,0.104061,0.102138
0,383,4.25255,150.248,0.106434,4.52239,44.8986,0.191697E-01,8.28535,159.100,8.64501,0.611029,-0.645801,0.356643,0.104165,0.00000,0.102655,0.102310
0,384,5.68496,150.439,0.110365,4.53219,45.0207,0.191697E-01,9.50539,158.442,11.2514,0.615117,-3.07356,0.355117,0.109767,0.00000,0.102888,0.103246
0,385,4.77426,150.623,0.104813,4.54323,45.1492,0.193296E-01,9.17201,155.294,8.57354,0.636821,-0.522246,0.348165,0.102820,0.159883E-03,0.101647,0.106828
0,386,3.86655,150.657,0.997988E-01,4.55143,45.2873,0.198239E-01,8.40712,154.804,7.67233,0.671207,0.408619,0.347136,0.100962,0.494254E-03,0.101885,0.107806
0,387,4.07450,150.671,0.101431,4.56006,45.4223,0.204340E-01,8.11469,155.195,8.47116,0.719876,-0.394187,0.348071,0.102665,0.610123E-03,0.101705,0.104560
0,388,4.45889,150.698,0.104429,4.56611,45.5501,0.207791E-01,8.21757,154.743,8.75741,0.636564,-0.742517,0.347044,0.102759,0.345150E-03,0.101109,0.105053
0,389,4.63247,150.767,0.106873,4.57249,45.6774,0.211972E-01,8.21356,153.993,8.58315,0.585773,-0.561307,0.345433,0.102125,0.418088E-03,0.100873,0.103604
0,390,3.83117,150.830,0.108409,4.57635,45.7977,0.214389E-01,7.14755,153.362,6.52955,0.764236,1.43658,0.344082,0.980510E-01,0.241679E-03,0.101187,0.100073
0,391,3.42877,150.968,0.103481,4.58286,45.9204,0.214389E-01,7.59810,154.723,7.45615,0.574812,0.342983,0.347095,0.999659E-01,0.00000,0.100743,0.102762
0,392,3.62836,151.036,0.107349,4.58926,46.0377,0.215796E-01,6.95762,155.125,7.34259,0.519903,0.693822,0.348018,0.998131E-01,0.140711E-03,0.101355,0.997303E-01
0,393,3.03244,151.101,0.106800,4.59119,46.1551,0.215796E-01,6.61419,155.688,6.20036,0.872753,1.56783,0.349336,0.975543E-01,0.00000,0.100959,0.100485
0,394,3.85285,151.234,0.106076,4.59817,46.2776,0.215796E-01,7.87184,157.322,8.94795,0.599691,-1.10756,0.352900,0.103704,0.00000,0.101240,0.104613
0,395,3.87451,151.327,0.103739,4.60605,46.4066,0.218065E-01,8.09224,156.323,8.33598,0.505010,-0.140047,0.350683,0.102748,0.226904E-03,0.102344,0.105167
0,396,4.17227,151.448,0.102803,4.61600,46.5359,0.221009E-01,8.42420,156.099,8.97241,0.469142,-0.933230,0.350194,0.104270,0.294417E-03,0.102223,0.103677
0,397,3.34679,151.452,0.103664,4.62032,46.6577,0.222416E-01,7.04381,155.136,6.34446,0.576418,1.69246,0.348136,0.985475E-01,0.140662E-03,0.102270,0.101846
0,398,2.93255,151.446,0.100603,4.62353,46.7836,0.222416E-01,7.18474,156.781,6.89015,0.844509,1.00144,0.351803,0.998024E-01,0.00000,0.102053,0.107729
0,399,3.37544,151.479,0.995948E-01,4.63094,46.9186,0.227005E-01,7.76892,157.935,8.37932,0.306995,-0.146874,0.354406,0.103432,0.458865E-03,0.103140,0.103522
0,400,4.05355,151.509,0.102510,4.63811,47.0431,0.227785E-01,8.11349,157.608,8.94670,1.09562,-0.936158,0.353797,0.104822,0.779906E-04,0.102742,0.103980
0,401,4.37532,151.584,0.103061,4.64554,47.1699,0.229280E-01,8.56862,156.714,9.09176,0.378035,-1.01705,0.351863,0.104701,0.149521E-03,0.102484,0.107080
0,402,4.60946,151.661,0.101294,4.65420,47.3066,0.233497E-01,9.27150,155.776,9.71954,0.317757,-1.55795,0.349877,0.106301,0.421709E-03,0.102863,0.108406
0,403,3.73752,151.648,0.984188E-01,4.66259,47.4450,0.239310E-01,8.20824,154.166,7.46136,0.959350,0.690549,0.346384,0.101099,0.581355E-03,0.102592,0.106803
0,404,3.56976,151.625,0.998305E-01,4.66890,47.5756,0.243477E-01,7.62847,154.846,7.56867,0.885164,0.566367,0.347915,0.101337,0.416665E-03,0.102636,0.108266
0,405,4.37834,151.687,0.105088,4.67423,47.7045,0.248966E-01,8.03269,155.510,9.03267,0.445178,-0.796602,0.349476,0.104581,0.548861E-03,0.102778,0.101633
0,406,4.50664,151.772,0.103399,4.68021,47.8308,0.248966E-01,8.90984,154.517,9.24915,0.910142,-1.30175,0.347285,0.104956,0.00000,0.101959,0.107925
0,407,4.63937,151.827,0.105766,4.68892,47.9624,0.254674E-01,8.40464,153.323,8.72380,0.386125,-0.501190,0.344539,0.103328,0.570855E-03,0.102217,0.104293
0,408,5.60942,151.960,0.109082,4.69649,48.0880,0.256432E-01,9.46922,152.735,10.6979,0.556704,-2.57323,0.343321,0.108234,0.175768E-03,0.102535,0.103315
0,409,4.14455,152.080,0.104645,4.70503,48.2118,0.257466E-01,8.22146,150.137,7.00007,0.706828,1.11921,0.337630,0.997817E-01,0.103376E-03,0.102281,0.106322
0,410,4.33789,152.121,0.105914,4.71020,48.3412,0.260721E-01,8.28874,151.365,8.65232,0.585601,-0.410373,0.340437,0.104015,0.325512E-03,0.103067,0.107059
0,411,4.51492,152.205,0.108859,4.71701,48.4675,0.264553E-01,8.09073,150.943,8.47805,0.627046,-0.228157,0.339513,0.103661,0.383223E-03,0.103227,0.103538
0,412,4.15142,152.363,0.102205,4.72544,48.5973,0.265018E-01,8.97186,150.623,8.89640,0.887248,-0.729052,0.338930,0.104782,0.464917E-04,0.103073,0.110585
0,413,4.00793,152.372,0.104381,4.73344,48.7323,0.272272E-01,7.82227,150.043,7.82337,0.561368,0.531020,0.337599,0.102188,0.725438E-03,0.103330,0.104457
0,414,5.15658,152.483,0.109752,4.73952,48.8539,0.273516E-01,8.73818,150.473,10.1193,0.795647,-1.85536,0.338573,0.107346,0.124334E-03,0.103213,0.104560
0,415,3.99783,152.565,0.106992,4.74486,48.9785,0.275648E-01,7.81790,148.610,6.86529,0.449018,1.39682,0.334471,0.993374E-01,0.213220E-03,0.102428,0.103152
0,416,3.86051,152.700,0.106629,4.75207,49.0974,0.275648E-01,7.69792,149.962,7.81518,0.626008,0.417489,0.337529,0.102242,0.00000,0.103189,0.103030
0,417,3.93935,152.813,0.103793,4.75851,49.2224,0.275648E-01,8.29539,150.369,8.61158,0.313734,-0.371871,0.338502,0.103991,0.00000,0.103227,0.105265
0,418,3.54146,152.844,0.998042E-01,4.76540,49.3536,0.277092E-01,8.16587,149.984,7.93048,0.647993,0.331426,0.337779,0.103058,0.144432E-03,0.103821,0.110474
0,419,3.00061,152.763,0.100560,4.76981,49.4891,0.283239E-01,7.04123,150.442,6.55436,0.634501,1.87035,0.338864,0.100153,0.614639E-03,0.104327,0.109390
0,420,3.05369,152.730,0.103481,4.77167,49.6185,0.287558E-01,6.90802,152.326,7.05728,0.560775,1.40633,0.343113,0.101909,0.431964E-03,0.105070,0.104067
0,421,4.07311,152.843,0.107774,4.77677,49.7383,0.287558E-01,7.88458,153.604,9.13705,0.896413,-0.856604,0.346021,0.107037,0.00000,0.105054,0.104626
0,422,3.66505,152.929,0.107084,4.78146,49.8596,0.288198E-01,7.50550,152.746,7.30455,0.652820,1.08812,0.344040,0.101527,0.639338E-04,0.103987,0.106152
0,423,2.97898,152.981,0.102101,4.78604,49.9894,0.290222E-01,7.34516,153.851,6.84104,0.541351,1.53980,0.346618,0.100796,0.202435E-03,0.104128,0.108406
0,424,4.41392,153.083,0.108309,4.79320,50.1150,0.293739E-01,8.09696,155.381,9.75936,0.630095,-1.36890,0.349979,0.107927,0.351675E-03,0.104889,0.105620
0,425,4.82686,153.235,0.113568,4.79852,50.2326,0.295738E-01,7.96019,153.921,8.64247,0.590100,-0.335842,0.346766,0.104465,0.199947E-03,0.103620,0.996886E-01
0,426,4.80158,153.422,0.110075,4.80514,50.3566,0.295738E-01,8.95262,153.335,9.23860,1.07011,-1.31306,0.345408,0.105287,0.00000,0.102124,0.109231
0,427,4.49278,153.503,0.111320,4.81305,50.4868,0.302445E-01,7.88006,152.317,7.78248,0.185157,0.625228,0.342929,0.101095,0.670708E-03,0.102524,0.102033
0,428,4.87941,153.675,0.109987,4.82090,50.6090,0.302445E-01,8.88632,152.702,9.56717,0.822657,-1.56271,0.343925,0.105711,0.00000,0.102125,0.105866
0,429,6.09393,153.825,0.117118,4.82998,50.7306,0.306374E-01,8.90854,151.262,10.3954,0.622721,-2.10883,0.340626,0.106653,0.392889E-03,0.101938,0.101636
0,430,4.57022,154.012,0.110739,4.83709,50.8513,0.306803E-01,8.39918,149.029,7.18257,0.647665,0.935866,0.335724,0.991691E-01,0.429449E-04,0.101206,0.108334
0,431,3.92647,154.143,0.103303,4.84591,50.9892,0.312848E-01,8.47593,150.179,8.10108,0.444714,0.259720,0.338320,0.101633,0.604412E-03,0.102289,0.107100
0,432,4.05709,154.165,0.103189,4.85402,51.1212,0.317399E-01,8.17843,150.398,8.46330,0.499392,-0.130045,0.338954,0.102826,0.455102E-03,0.102549,0.103600
0,433,3.46038,154.129,0.995148E-01,4.85907,51.2508,0.318556E-01,7.94387,150.142,7.44051,0.984532,0.789527,0.338447,0.100857,0.115733E-03,0.102443,0.112132
0,434,3.28066,154.078,0.101240,4.86459,51.3881,0.327199E-01,7.18675,151.168,7.09379,0.310181,1.41848,0.340606,0.100271,0.864311E-03,0.103489,0.104126
0,435,4.55849,154.137,0.105328,4.86891,51.5109,0.327199E-01,8.63842,152.425,10.0982,1.03799,-1.72325,0.343506,0.108083,0.00000,0.104214,0.107139
0,436,3.48511,154.129,0.997386E-01,4.87462,51.6458,0.331081E-01,8.02184,150.809,7.07514,0.530091,1.43755,0.339926,0.100045,0.388212E-03,0.103257,0.108985
0,437,3.02654,154.035,0.100219,4.87833,51.7785,0.335541E-01,7.14491,152.272,6.72465,0.592718,1.82480,0.343274,0.100483,0.446020E-03,0.104524,0.111691
0,438,4.49357,154.038,0.105840,4.88264,51.9144,0.341642E-01,8.54253,154.156,10.1490,0.655238,-1.49035,0.347490,0.109104,0.610062E-03,0.105590,0.109566
0,439,6.21056,154.203,0.113779,4.89156,52.0413,0.345740E-01,9.68345,152.578,11.6916,1.00624,-3.08975,0.343822,0.112422,0.409841E-03,0.105467,0.106168
0,440,5.57057,154.385,0.109064,4.90035,52.1718,0.348030E-01,10.0082,149.464,9.68066,0.576976,-1.12253,0.336865,0.106380,0.228988E-03,0.103878,0.112104
0,441,4.29273,154.432,0.106676,4.90812,52.3088,0.355514E-01,8.27735,148.448,7.18355,0.530225,1.50209,0.334668,0.101268,0.748374E-03,0.104620,0.107346
0,442,5.30806,154.539,0.110057,4.91496,52.4362,0.357646E-01,9.27819,149.817,10.5276,1.09304,-1.94455,0.337780,0.109600,0.213227E-03,0.105214,0.109310
0,443,4.83566,154.635,0.108286,4.92301,52.5694,0.362912E-01,8.87993,147.926,8.63693,0.700872,-0.118935E-01,0.333562,0.104032,0.526550E-03,0.104044,0.109359
0,444,3.78005,154.644,0.106538,4.92741,52.7006,0.367803E-01,7.67614,147.965,6.76122,0.593314,1.92872,0.333752,0.100139,0.489092E-03,0.104468,0.105205
0,445,5.79220,154.793,0.115610,4.93396,52.8173,0.368061E-01,8.95992,149.765,11.2368,0.806052,-2.65982,0.337850,0.110870,0.257755E-04,0.104947,0.107919
0,446,3.80157,154.921,0.103413,4.93975,52.9543,0.371581E-01,8.67886,147.175,6.95337,0.687857,1.72028,0.332117,0.100669,0.352064E-03,0.104398,0.111245
0,447,4.25095,154.947,0.102485,4.94930,53.0940,0.377437E-01,8.87389,148.930,9.48923,0.890071,-0.748453,0.335991,0.107156,0.585613E-03,0.105389,0.112675
0,448,4.20173,154.905,0.101616,4.95651,53.2371,0.385176E-01,8.70286,148.268,8.75419,0.580736,0.715854E-01,0.334466,0.104736,0.773836E-03,0.104937,0.113479
0,449,4.56710,154.875,0.100659,4.96394,53.3844,0.393776E-01,9.38525,148.282,9.86791,0.698153,-1.07088,0.334596,0.107370,0.860052E-03,0.104878,0.118234
0,450,5.73893,154.871,0.102984,4.97443,53.5409,0.407410E-01,10.5018,147.276,11.8267,0.287350,-2.96596,0.332328,0.111162,0.136336E-02,0.104600,0.114940
0,451,4.80901,154.875,0.100087,4.98401,53.6890,0.417857E-01,9.53782,144.238,8.75966,0.653556,0.389528E-01,0.325673,0.104341,0.104474E-02,0.104493,0.112066
0,452,4.05020,154.766,0.972217E-01,4.98931,53.8347,0.425456E-01,8.89245,144.214,8.17050,1.00101,0.579895,0.325744,0.103254,0.759884E-03,0.104468,0.112549
0,453,3.36580,154.643,0.949705E-01,4.99595,53.9791,0.433804E-01,8.03572,144.759,7.37342,0.683449,1.33723,0.326933,0.101177,0.834777E-03,0.104201,0.114384
0,454,4.46107,154.572,0.105847,4.99926,54.1121,0.442695E-01,7.78407,146.294,8.94110,0.561069,-0.435300E-03,0.330454,0.105623,0.889083E-03,0.105493,0.103593
0,455,3.65341,154.585,0.101040,4.99996,54.2401,0.442695E-01,8.30367,146.007,7.63728,1.01182,0.957653,0.329693,0.102888,0.00000,0.104878,0.115276
0,456,4.00458,154.583,0.102789,5.00600,54.3807,0.451422E-01,8.24093,147.328,8.73036,0.435663,0.408279,0.332523,0.105576,0.872729E-03,0.106549,0.115148
0,457,3.70064,154.560,0.105879,5.00712,54.5163,0.459299E-01,7.52023,147.719,7.32904,0.699798,1.77806,0.333545,0.103381,0.787747E-03,0.107270,0.112030
0,458,4.61159,154.713,0.107475,5.01236,54.6476,0.463553E-01,8.89684,149.442,10.0921,0.988792,-1.00521,0.337354,0.110061,0.425325E-03,0.107777,0.107015
0,459,4.19334,154.844,0.105490,5.01944,54.7710,0.463553E-01,8.56213,148.269,8.39808,0.902741,0.536029,0.334739,0.106025,0.00000,0.107125,0.108348
0,460,4.09947,154.949,0.104766,5.02598,54.8965,0.465070E-01,8.38474,148.895,8.52109,0.752132,0.505649,0.336090,0.105721,0.151762E-03,0.106830,0.110503
0,461,4.18193,155.002,0.108145,5.02962,55.0223,0.468545E-01,7.94969,149.436,8.21146,0.781708,0.861842,0.337340,0.105272,0.347497E-03,0.107028,0.108610
0,462,4.32862,155.103,0.106888,5.03382,55.1505,0.470307E-01,8.67479,150.220,9.04988,0.919287,-0.373989E-01,0.338976,0.106971,0.176158E-03,0.106848,0.115010
0,463,3.34841,155.088,0.102728,5.03822,55.2928,0.478236E-01,7.79736,150.327,6.94434,0.665654,2.21784,0.339236,0.102121,0.792958E-03,0.107080,0.112073
0,464,3.69524,155.088,0.107167,5.04219,55.4211,0.482654E-01,7.48831,152.428,7.96321,0.986551,1.11174,0.343986,0.105222,0.441788E-03,0.107655,0.112303
0,465,4.00520,155.233,0.106465,5.04690,55.5519,0.486740E-01,8.33461,153.635,8.92092,0.822337,0.282871,0.346676,0.107689,0.408614E-03,0.108217,0.110643
0,466,3.48661,155.289,0.105669,5.05061,55.6793,0.489852E-01,7.56988,153.892,7.23462,0.483297,1.94280,0.347192,0.103262,0.311160E-03,0.107531,0.110585
0,467,2.79808,155.277,0.102372,5.05141,55.8101,0.492135E-01,7.23030,155.798,6.65993,0.791951,2.50454,0.351429,0.102721,0.228321E-03,0.108301,0.117168
0,468,3.87008,155.349,0.106235,5.05709,55.9475,0.499702E-01,8.06156,158.420,9.34317,0.767109,-0.137926E-01,0.357322,0.109820,0.756656E-03,0.109601,0.111589
0,469,4.73497,155.497,0.106696,5.06334,56.0786,0.502101E-01,9.37018,158.290,10.5147,0.898480,-1.27105,0.356873,0.112079,0.239925E-03,0.109189,0.115832
0,470,4.30632,155.599,0.109281,5.07029,56.2114,0.510135E-01,8.00299,157.001,7.80855,0.711873,1.38987,0.354014,0.104951,0.803410E-03,0.107798,0.108336
0,471,3.76543,155.751,0.101416,5.07475,56.3425,0.510713E-01,8.89222,158.237,8.63452,0.839463,0.411371,0.356555,0.106866,0.577832E-04,0.107758,0.115950
0,472,4.17919,155.745,0.108291,5.08017,56.4755,0.518931E-01,7.71211,158.775,8.25336,0.378616,0.931440,0.357801,0.105598,0.821752E-03,0.107732,0.107651
0,473,6.34543,156.012,0.111676,5.08847,56.6007,0.519357E-01,10.8445,159.452,13.4029,0.923259,-4.46915,0.359423,0.117280,0.426576E-04,0.107224,0.111198
0,474,6.22331,156.183,0.110960,5.09991,56.7350,0.525157E-01,10.4076,155.022,10.5905,0.814836,-1.62415,0.349525,0.109003,0.579966E-03,0.105399,0.111689
0,475,5.52340,156.258,0.111959,5.10704,56.8673,0.532074E-01,9.08948,153.385,8.59732,0.844353,0.321338,0.345983,0.104032,0.691734E-03,0.104771,0.108390
0,476,3.99708,156.308,0.110648,5.11049,56.9910,0.536177E-01,7.47805,153.613,6.12535,0.589917,2.69807,0.346578,0.982743E-01,0.410240E-03,0.104288,0.106183
0,477,4.06489,156.428,0.107166,5.11493,57.1170,0.537129E-01,8.43494,156.244,8.74809,0.784879,0.339554E-01,0.352482,0.105386,0.952451E-04,0.105230,0.111894
0,478,3.32002,156.435,0.103630,5.12056,57.2523,0.543100E-01,7.60560,156.436,7.00318,0.452527,1.98781,0.352744,0.101432,0.597070E-03,0.105923,0.113567
0,479,5.09817,156.494,0.114117,5.12457,57.3794,0.549255E-01,8.27856,158.467,10.2434,0.790405,-1.16036,0.357392,0.109955,0.615505E-03,0.107412,0.106744
0,480,4.57713,156.640,0.110557,5.12874,57.5037,0.549862E-01,8.77067,157.087,8.51980,1.13951,0.344810,0.354416,0.105465,0.607563E-04,0.106137,0.113289
0,481,5.94953,156.783,0.116611,5.13710,57.6349,0.556864E-01,9.30057,157.610,10.9471,0.414564,-1.88709,0.355562,0.110486,0.700213E-03,0.106287,0.109155
0,482,5.79871,156.983,0.111398,5.14578,57.7693,0.560289E-01,10.4616,155.559,10.6452,0.886462,-1.74366,0.351054,0.109649,0.342439E-03,0.105731,0.113830
0,483,5.64630,157.045,0.110540,5.15700,57.9112,0.569396E-01,9.73648,153.826,9.78859,0.876117,-0.886823,0.347242,0.106646,0.910760E-03,0.104722,0.116703
0,484,5.43792,157.103,0.108539,5.16599,58.0601,0.581760E-01,9.69079,153.015,9.68927,0.362161,-0.720495,0.345581,0.105933,0.123632E-02,0.104340,0.112748
0,485,5.36009,157.128,0.108085,5.17459,58.2013,0.590850E-01,9.46091,152.140,9.54910,0.938546,-0.729150,0.343716,0.105288,0.909066E-03,0.103657,0.111527
0,486,5.44858,157.150,0.108943,5.18243,58.3392,0.598990E-01,9.36977,151.377,9.61755,0.936673,-0.848194,0.342085,0.105257,0.813992E-03,0.103387,0.112320
0,487,4.97608,157.171,0.105663,5.19026,58.4819,0.608145E-01,9.32220,150.566,9.01315,0.632627,-0.186818,0.340359,0.103488,0.915506E-03,0.103165,0.111615
0,488,4.43714,157.135,0.101295,5.19789,58.6259,0.616700E-01,9.10443,150.361,8.67406,0.482232,0.142784,0.340076,0.102777,0.855503E-03,0.103060,0.113583
0,489,5.02253,157.060,0.100747,5.20627,58.7758,0.627460E-01,9.80015,150.411,10.4596,0.632022,-1.72489,0.340217,0.106669,0.107594E-02,0.102824,0.116735
0,490,4.27853,156.924,0.101159,5.21344,58.9255,0.642073E-01,8.26163,148.729,7.53148,0.680406,1.24858,0.336533,0.992450E-01,0.146135E-02,0.102122,0.110921
0,491,4.07738,156.810,0.103287,5.21569,59.0620,0.650794E-01,7.89534,149.887,7.71728,0.505340,0.979034,0.339278,0.100293,0.872089E-03,0.102200,0.113460
0,492,4.69461,156.753,0.106199,5.21886,59.2032,0.661363E-01,8.53857,150.919,9.23992,0.429014,-0.469195,0.341362,0.103885,0.105685E-02,0.102892,0.112622
0,493,4.81666,156.769,0.106952,5.22434,59.3414,0.670330E-01,8.78920,150.436,9.06523,0.965741,-0.268722,0.340396,0.104273,0.896773E-03,0.103654,0.113334
0,494,4.07159,156.813,0.102060,5.23122,59.4835,0.680045E-01,8.55118,150.248,7.99246,0.719341,0.909662,0.339991,0.101713,0.971428E-03,0.103620,0.112728
0,495,3.97942,156.740,0.102729,5.23497,59.6218,0.688486E-01,8.09890,151.140,8.07167,0.614081,0.831445,0.341924,0.102347,0.844150E-03,0.104286,0.110737
0,496,4.62570,156.689,0.107473,5.23804,59.7533,0.694571E-01,8.37433,151.895,9.10136,0.999087,-0.234933,0.343747,0.105295,0.608470E-03,0.104652,0.110827
0,497,4.01183,156.668,0.107660,5.24092,59.8839,0.700596E-01,7.79060,151.698,7.28609,0.801417,1.65471,0.343224,0.101049,0.602508E-03,0.104802,0.112106
0,498,3.40869,156.649,0.100836,5.24414,60.0257,0.707110E-01,8.24075,153.392,7.76080,0.568012,1.23093,0.347129,0.102855,0.651450E-03,0.105591,0.120959
0,499,3.29794,156.518,0.101875,5.24895,60.1776,0.721816E-01,7.47621,154.675,7.38602,0.722871,1.70007,0.350030,0.102379,0.147053E-02,0.106254,0.115178
0,500,3.29210,156.447,0.100627,5.25148,60.3197,0.730221E-01,7.80555,156.333,7.87147,0.577777,1.20805,0.353857,0.104066,0.840489E-03,0.106773,0.116722
