siteID,year,rain,pet,aet,grow,degd,dryd_upper,dryd_base,flood_d
0,0,1374.52,126.080,124.962,340.000,3603.26,0.00000,0.00000,0.00000
0,1,1459.88,126.236,126.236,319.000,3575.21,0.00000,0.00000,0.00000
0,2,1365.70,128.138,128.138,327.000,3640.22,0.00000,0.00000,0.00000
0,3,1488.73,127.276,127.276,328.000,3617.99,0.00000,0.00000,0.00000
0,4,1268.88,125.808,125.808,298.000,3506.14,0.00000,0.00000,0.00000
0,5,1409.89,126.413,126.413,304.000,3570.38,0.00000,0.00000,0.00000
0,6,1418.75,127.965,127.965,309.000,3764.41,0.00000,0.00000,0.00000
0,7,1436.04,124.921,124.921,293.000,3469.16,0.00000,0.00000,0.00000
0,8,1312.95,127.174,127.174,339.000,3705.57,0.00000,0.00000,0.00000
0,9,1517.11,128.335,128.335,314.000,3801.35,0.00000,0.00000,0.00000
0,10,1310.04,129.650,129.650,336.000,3851.69,0.00000,0.00000,0.00000
0,11,1501.69,125.850,125.850,311.000,3558.29,0.00000,0.00000,0.00000
0,12,1453.58,126.541,126.541,318.000,3591.35,0.00000,0.00000,0.00000
0,13,1456.77,124.278,124.278,289.000,3555.56,0.00000,0.00000,0.00000
0,14,1354.48,128.295,128.295,315.000,3816.53,0.00000,0.00000,0.00000
0,15,1429.63,127.258,127.258,315.000,3644.91,0.00000,0.00000,0.00000
0,16,1425.57,125.736,125.736,318.000,3546.81,0.00000,0.00000,0.00000
0,17,1362.78,125.451,125.451,312.000,3551.51,0.00000,0.00000,0.00000
0,18,1440.96,126.822,126.822,288.000,3627.95,0.00000,0.00000,0.00000
0,19,1332.48,126.124,126.124,310.000,3551.94,0.00000,0.00000,0.00000
0,20,1462.09,127.405,127.405,338.000,3639.68,0.00000,0.00000,0.00000
0,21,1458.42,123.724,123.724,318.000,3449.47,0.00000,0.00000,0.00000
0,22,1475.65,125.891,125.891,303.000,3563.89,0.00000,0.00000,0.00000
0,23,1406.33,125.253,125.253,307.000,3516.72,0.00000,0.00000,0.00000
0,24,1399.73,125.363,125.363,292.000,3521.70,0.00000,0.00000,0.00000
0,25,1473.32,125.137,125.137,293.000,3480.21,0.00000,0.00000,0.00000
0,26,1508.64,127.409,127.409,287.000,3599.94,0.00000,0.00000,0.00000
0,27,1349.78,125.681,125.681,325.000,3585.12,0.00000,0.00000,0.00000
0,28,1404.71,127.078,127.078,321.000,3666.34,0.00000,0.00000,0.00000
0,29,1558.41,125.954,125.954,305.000,3633.36,0.00000,0.00000,0.00000
0,30,1392.99,124.102,124.102,312.000,3465.41,0.00000,0.00000,0.00000
0,31,1337.43,127.718,127.718,306.000,3633.80,0.00000,0.00000,0.00000
0,32,1445.05,126.889,126.889,302.000,3628.09,0.00000,0.00000,0.00000
0,33,1245.02,126.325,126.325,302.000,3599.34,0.00000,0.00000,0.00000
0,34,1231.07,130.014,130.014,365.000,3897.47,0.00000,0.00000,0.00000
0,35,1361.39,124.747,124.747,290.000,3503.21,0.00000,0.00000,0.00000
0,36,1483.39,128.759,128.759,365.000,3753.70,0.00000,0.00000,0.00000
0,37,1472.42,127.826,127.826,290.000,3676.23,0.00000,0.00000,0.00000
0,38,1381.21,127.192,127.192,310.000,3670.62,0.00000,0.00000,0.00000
0,39,1515.05,127.050,127.050,320.000,3700.47,0.00000,0.00000,0.00000
0,40,1380.34,123.673,123.673,283.000,3438.85,0.00000,0.00000,0.00000
0,41,1340.33,126.239,126.239,281.000,3540.81,0.00000,0.00000,0.00000
0,42,1504.90,125.612,125.612,316.000,3578.42,0.00000,0.00000,0.00000
0,43,1183.98,128.673,128.673,297.000,3705.45,0.00000,0.00000,0.00000
0,44,1405.57,126.353,126.353,319.000,3556.25,0.00000,0.00000,0.00000
0,45,1415.79,127.447,127.447,298.000,3767.85,0.00000,0.00000,0.00000
0,46,1555.49,125.037,125.037,292.000,3539.84,0.00000,0.00000,0.00000
0,47,1356.68,124.533,124.533,284.000,3556.89,0.00000,0.00000,0.00000
0,48,1465.37,126.684,126.684,295.000,3659.17,0.00000,0.00000,0.00000
0,49,1426.68,126.703,126.703,304.000,3672.04,0.00000,0.00000,0.00000
0,50,1203.38,128.334,128.334,305.000,3734.08,0.00000,0.00000,0.00000
0,51,1621.46,127.071,127.071,313.000,3666.08,0.00000,0.00000,0.00000
0,52,1492.69,125.963,125.963,304.000,3599.59,0.00000,0.00000,0.00000
0,53,1355.38,129.572,129.572,323.000,3834.83,0.00000,0.00000,0.00000
0,54,1408.79,126.299,126.299,328.000,3545.53,0.00000,0.00000,0.00000
0,55,1313.00,128.750,128.750,333.000,3808.38,0.00000,0.00000,0.00000
0,56,1437.97,123.876,123.876,293.000,3442.97,0.00000,0.00000,0.00000
0,57,1366.08,123.179,123.179,323.000,3324.21,0.00000,0.00000,0.00000
0,58,1319.23,125.080,125.080,335.000,3558.88,0.00000,0.00000,0.00000
0,59,1279.97,126.769,126.769,312.000,3570.61,0.00000,0.00000,0.00000
0,60,1244.13,127.495,127.495,325.000,3658.31,0.00000,0.00000,0.00000
0,61,1169.40,128.893,128.893,318.000,3715.93,0.00000,0.00000,0.00000
0,62,1354.80,129.534,129.534,356.000,3873.79,0.00000,0.00000,0.00000
0,63,1337.24,125.380,125.380,303.000,3493.75,0.00000,0.00000,0.00000
0,64,1531.78,126.145,126.145,312.000,3616.33,0.00000,0.00000,0.00000
0,65,1360.61,128.150,128.150,306.000,3715.62,0.00000,0.00000,0.00000
0,66,1374.08,128.036,128.036,293.000,3691.06,0.00000,0.00000,0.00000
0,67,1421.32,124.389,124.389,304.000,3526.77,0.00000,0.00000,0.00000
0,68,1498.65,125.149,125.149,313.000,3568.35,0.00000,0.00000,0.00000
0,69,1397.71,128.092,128.092,310.000,3706.30,0.00000,0.00000,0.00000
0,70,1448.31,128.016,128.016,340.000,3686.95,0.00000,0.00000,0.00000
0,71,1393.99,127.819,127.819,297.000,3706.88,0.00000,0.00000,0.00000
0,72,1469.99,125.807,125.807,319.000,3474.94,0.00000,0.00000,0.00000
0,73,1455.29,126.740,126.740,304.000,3564.09,0.00000,0.00000,0.00000
0,74,1348.19,126.921,126.921,315.000,3602.69,0.00000,0.00000,0.00000
0,75,1472.37,125.766,125.766,320.000,3519.99,0.00000,0.00000,0.00000
0,76,1565.61,126.680,126.680,300.000,3642.59,0.00000,0.00000,0.00000
0,77,1394.61,127.666,127.666,309.000,3731.68,0.00000,0.00000,0.00000
0,78,1291.39,124.749,124.749,310.000,3418.63,0.00000,0.00000,0.00000
0,79,1264.88,126.810,126.810,293.000,3674.18,0.00000,0.00000,0.00000
0,80,1328.59,125.968,125.968,320.000,3539.47,0.00000,0.00000,0.00000
0,81,1390.01,125.673,125.673,308.000,3537.66,0.00000,0.00000,0.00000
0,82,1448.98,129.090,129.090,295.000,3764.90,0.00000,0.00000,0.00000
0,83,1398.63,126.430,126.430,307.000,3643.43,0.00000,0.00000,0.00000
0,84,1288.70,127.837,127.837,301.000,3674.17,0.00000,0.00000,0.00000
0,85,1445.15,128.329,128.329,330.000,3741.17,0.00000,0.00000,0.00000
0,86,1420.59,127.374,127.374,308.000,3754.51,0.00000,0.00000,0.00000
0,87,1364.71,125.371,125.371,304.000,3534.70,0.00000,0.00000,0.00000
0,88,1416.59,127.021,127.021,312.000,3698.03,0.00000,0.00000,0.00000
0,89,1194.42,123.871,123.871,315.000,3496.51,0.00000,0.00000,0.00000
0,90,1438.07,127.109,127.109,297.000,3651.48,0.00000,0.00000,0.00000
0,91,1501.32,125.637,125.637,303.000,3509.41,0.00000,0.00000,0.00000
0,92,1431.39,128.571,128.571,365.000,3738.49,0.00000,0.00000,0.00000
0,93,1475.23,126.047,126.047,316.000,3666.25,0.00000,0.00000,0.00000
0,94,1485.24,127.123,127.123,322.000,3622.38,0.00000,0.00000,0.00000
0,95,1445.31,123.749,123.749,311.000,3433.67,0.00000,0.00000,0.00000
0,96,1487.11,124.491,124.491,314.000,3488.91,0.00000,0.00000,0.00000
0,97,1323.92,124.692,124.692,290.000,3453.14,0.00000,0.00000,0.00000
0,98,1347.28,126.828,126.828,336.000,3696.74,0.00000,0.00000,0.00000
0,99,1369.80,126.467,126.467,335.000,3662.96,0.00000,0.00000,0.00000
0,100,1285.00,125.674,125.674,324.000,3590.34,0.00000,0.00000,0.00000
0,101,1427.40,125.978,125.978,292.000,3615.45,0.00000,0.00000,0.00000
0,102,1375.77,125.271,125.271,305.000,3460.92,0.00000,0.00000,0.00000
0,103,1454.18,126.938,126.938,306.000,3596.74,0.00000,0.00000,0.00000
0,104,1596.91,127.865,127.865,316.000,3740.25,0.00000,0.00000,0.00000
0,105,1412.27,125.938,125.938,300.000,3518.45,0.00000,0.00000,0.00000
0,106,1291.93,126.754,126.754,365.000,3701.08,0.00000,0.00000,0.00000
0,107,1433.89,127.397,127.397,288.000,3673.03,0.00000,0.00000,0.00000
0,108,1359.53,129.070,129.070,326.000,3751.94,0.00000,0.00000,0.00000
0,109,1256.99,126.673,126.673,334.000,3648.60,0.00000,0.00000,0.00000
0,110,1477.85,126.492,126.492,313.000,3623.46,0.00000,0.00000,0.00000
0,111,1400.69,124.130,124.130,336.000,3433.99,0.00000,0.00000,0.00000
0,112,1570.33,126.300,126.300,319.000,3608.32,0.00000,0.00000,0.00000
0,113,1305.07,126.710,126.710,331.000,3683.13,0.00000,0.00000,0.00000
0,114,1262.27,128.095,128.095,297.000,3708.01,0.00000,0.00000,0.00000
0,115,1402.00,126.820,126.820,312.000,3573.02,0.00000,0.00000,0.00000
0,116,1399.63,128.864,128.864,330.000,3766.76,0.00000,0.00000,0.00000
0,117,1508.13,126.070,126.070,317.000,3532.61,0.00000,0.00000,0.00000
0,118,1275.77,127.580,127.580,365.000,3686.02,0.00000,0.00000,0.00000
0,119,1445.58,124.852,124.852,307.000,3456.53,0.00000,0.00000,0.00000
0,120,1392.42,126.887,126.887,341.000,3608.19,0.00000,0.00000,0.00000
0,121,1491.63,125.765,125.765,295.000,3576.56,0.00000,0.00000,0.00000
0,122,1353.17,127.518,127.518,320.000,3663.49,0.00000,0.00000,0.00000
0,123,1354.55,126.192,126.192,309.000,3530.56,0.00000,0.00000,0.00000
0,124,1175.83,124.708,124.708,303.000,3521.58,0.00000,0.00000,0.00000
0,125,1362.65,124.022,124.022,291.000,3287.70,0.00000,0.00000,0.00000
0,126,1595.27,125.247,125.247,287.000,3528.31,0.00000,0.00000,0.00000
0,127,1481.09,126.953,126.953,305.000,3674.65,0.00000,0.00000,0.00000
0,128,1341.44,127.302,127.302,341.000,3750.44,0.00000,0.00000,0.00000
0,129,1412.69,126.259,126.259,305.000,3615.09,0.00000,0.00000,0.00000
0,130,1246.05,123.435,123.435,300.000,3327.13,0.00000,0.00000,0.00000
0,131,1376.54,127.292,127.292,303.000,3775.98,0.00000,0.00000,0.00000
0,132,1535.69,125.614,125.614,352.000,3609.91,0.00000,0.00000,0.00000
0,133,1451.33,128.122,128.122,315.000,3657.66,0.00000,0.00000,0.00000
0,134,1428.44,124.170,124.170,284.000,3486.16,0.00000,0.00000,0.00000
0,135,1409.72,127.054,127.054,333.000,3641.81,0.00000,0.00000,0.00000
0,136,1426.50,126.817,126.817,308.000,3617.30,0.00000,0.00000,0.00000
0,137,1383.77,126.230,126.230,285.000,3549.01,0.00000,0.00000,0.00000
0,138,1294.94,128.803,128.803,333.000,3717.35,0.00000,0.00000,0.00000
0,139,1268.64,125.960,125.960,325.000,3607.74,0.00000,0.00000,0.00000
0,140,1389.42,128.321,128.321,299.000,3766.25,0.00000,0.00000,0.00000
0,141,1514.05,124.026,124.026,311.000,3466.69,0.00000,0.00000,0.00000
0,142,1471.77,126.760,126.760,302.000,3657.66,0.00000,0.00000,0.00000
0,143,1322.85,128.559,128.559,319.000,3707.80,0.00000,0.00000,0.00000
0,144,1435.88,128.548,128.548,315.000,3786.59,0.00000,0.00000,0.00000
0,145,1374.28,125.903,125.903,340.000,3554.36,0.00000,0.00000,0.00000
0,146,1340.55,127.853,127.853,290.000,3730.80,0.00000,0.00000,0.00000
0,147,1344.92,127.075,127.075,341.000,3630.21,0.00000,0.00000,0.00000
0,148,1398.65,128.428,128.428,324.000,3680.94,0.00000,0.00000,0.00000
0,149,1202.28,128.172,128.172,303.000,3791.41,0.00000,0.00000,0.00000
0,150,1469.90,124.085,124.085,295.000,3459.47,0.00000,0.00000,0.00000
0,151,1449.91,125.195,125.195,307.000,3549.30,0.00000,0.00000,0.00000
0,152,1370.30,127.240,127.240,330.000,3672.97,0.00000,0.00000,0.00000
0,153,1510.69,127.032,127.032,337.000,3722.22,0.00000,0.00000,0.00000
0,154,1550.22,128.212,128.212,365.000,3721.17,0.00000,0.00000,0.00000
0,155,1338.05,126.610,126.610,312.000,3601.85,0.00000,0.00000,0.00000
0,156,1435.79,126.210,126.210,306.000,3573.30,0.00000,0.00000,0.00000
0,157,1298.11,125.880,125.880,299.000,3482.44,0.00000,0.00000,0.00000
0,158,1571.69,128.016,128.016,319.000,3724.12,0.00000,0.00000,0.00000
0,159,1388.29,127.123,127.123,365.000,3667.59,0.00000,0.00000,0.00000
0,160,1503.06,128.203,128.203,325.000,3679.19,0.00000,0.00000,0.00000
0,161,1424.91,125.460,125.460,298.000,3481.30,0.00000,0.00000,0.00000
0,162,1445.07,125.193,125.193,304.000,3514.24,0.00000,0.00000,0.00000
0,163,1330.46,126.121,126.121,285.000,3591.87,0.00000,0.00000,0.00000
0,164,1288.24,128.407,128.407,288.000,3700.82,0.00000,0.00000,0.00000
0,165,1646.87,125.159,125.159,298.000,3555.02,0.00000,0.00000,0.00000
0,166,1534.44,127.913,127.913,365.000,3694.08,0.00000,0.00000,0.00000
0,167,1450.28,125.753,125.753,287.000,3608.31,0.00000,0.00000,0.00000
0,168,1313.67,127.056,127.056,365.000,3635.94,0.00000,0.00000,0.00000
0,169,1359.62,126.860,126.860,300.000,3603.21,0.00000,0.00000,0.00000
0,170,1390.90,125.416,125.416,280.000,3573.11,0.00000,0.00000,0.00000
0,171,1264.31,124.638,124.638,306.000,3501.08,0.00000,0.00000,0.00000
0,172,1443.90,127.074,127.074,365.000,3614.33,0.00000,0.00000,0.00000
0,173,1361.48,124.254,124.254,303.000,3497.31,0.00000,0.00000,0.00000
0,174,1324.28,127.266,127.266,297.000,3574.77,0.00000,0.00000,0.00000
0,175,1402.32,126.177,126.177,314.000,3523.60,0.00000,0.00000,0.00000
0,176,1323.71,126.312,126.312,296.000,3517.13,0.00000,0.00000,0.00000
0,177,1383.89,123.419,123.419,314.000,3379.53,0.00000,0.00000,0.00000
0,178,1366.73,125.513,125.513,338.000,3566.67,0.00000,0.00000,0.00000
0,179,1473.81,128.906,128.906,315.000,3865.59,0.00000,0.00000,0.00000
0,180,1407.61,126.052,126.052,302.000,3577.45,0.00000,0.00000,0.00000
0,181,1294.64,127.340,127.340,290.000,3692.71,0.00000,0.00000,0.00000
0,182,1513.70,124.822,124.822,292.000,3485.17,0.00000,0.00000,0.00000
0,183,1292.36,127.191,127.191,331.000,3652.82,0.00000,0.00000,0.00000
0,184,1526.62,125.376,125.376,277.000,3485.63,0.00000,0.00000,0.00000
0,185,1279.26,126.201,126.201,308.000,3621.89,0.00000,0.00000,0.00000
0,186,1477.58,125.503,125.503,295.000,3560.35,0.00000,0.00000,0.00000
0,187,1362.50,124.843,124.843,333.000,3496.25,0.00000,0.00000,0.00000
0,188,1468.32,126.344,126.344,350.000,3546.86,0.00000,0.00000,0.00000
0,189,1311.90,128.554,128.554,335.000,3818.83,0.00000,0.00000,0.00000
0,190,1318.87,127.939,127.939,286.000,3649.81,0.00000,0.00000,0.00000
0,191,1383.22,125.593,125.593,304.000,3536.70,0.00000,0.00000,0.00000
0,192,1562.51,128.426,128.426,300.000,3773.05,0.00000,0.00000,0.00000
0,193,1595.23,125.454,125.454,324.000,3505.20,0.00000,0.00000,0.00000
0,194,1507.48,127.602,127.602,341.000,3769.22,0.00000,0.00000,0.00000
0,195,1381.44,127.804,127.804,301.000,3744.91,0.00000,0.00000,0.00000
0,196,1249.11,126.506,126.506,302.000,3629.94,0.00000,0.00000,0.00000
0,197,1524.96,127.582,127.582,356.000,3727.53,0.00000,0.00000,0.00000
0,198,1459.98,127.570,127.570,325.000,3623.51,0.00000,0.00000,0.00000
0,199,1343.15,127.534,127.534,294.000,3783.38,0.00000,0.00000,0.00000
0,200,1326.74,128.948,128.948,315.000,3752.48,0.00000,0.00000,0.00000
0,201,1439.08,128.724,128.724,365.000,3878.40,0.00000,0.00000,0.00000
0,202,1518.91,124.480,124.480,283.000,3549.03,0.00000,0.00000,0.00000
0,203,1272.64,125.056,125.056,300.000,3529.59,0.00000,0.00000,0.00000
0,204,1296.32,128.082,128.082,286.000,3686.91,0.00000,0.00000,0.00000
0,205,1456.70,127.070,127.070,316.000,3692.59,0.00000,0.00000,0.00000
0,206,1429.91,128.842,128.842,316.000,3754.91,0.00000,0.00000,0.00000
0,207,1473.86,127.200,127.200,325.000,3709.88,0.00000,0.00000,0.00000
0,208,1259.87,124.184,124.184,332.000,3454.47,0.00000,0.00000,0.00000
0,209,1509.59,125.875,125.875,278.000,3544.57,0.00000,0.00000,0.00000
0,210,1300.75,126.159,126.159,315.000,3608.04,0.00000,0.00000,0.00000
0,211,1408.97,127.730,127.730,293.000,3678.79,0.00000,0.00000,0.00000
0,212,1431.61,127.147,127.147,333.000,3692.34,0.00000,0.00000,0.00000
0,213,1488.04,124.410,124.410,307.000,3366.14,0.00000,0.00000,0.00000
0,214,1400.39,126.558,126.558,282.000,3596.22,0.00000,0.00000,0.00000
0,215,1339.45,127.738,127.738,337.000,3763.46,0.00000,0.00000,0.00000
0,216,1386.22,128.592,128.592,282.000,3794.82,0.00000,0.00000,0.00000
0,217,1245.18,128.368,128.368,341.000,3738.89,0.00000,0.00000,0.00000
0,218,1373.08,127.675,127.675,306.000,3725.06,0.00000,0.00000,0.00000
0,219,1371.92,127.914,127.914,319.000,3740.84,0.00000,0.00000,0.00000
0,220,1460.44,123.294,123.294,284.000,3398.72,0.00000,0.00000,0.00000
0,221,1413.77,125.058,125.058,327.000,3561.42,0.00000,0.00000,0.00000
0,222,1372.74,128.510,128.510,305.000,3760.81,0.00000,0.00000,0.00000
0,223,1500.43,126.830,126.830,342.000,3669.94,0.00000,0.00000,0.00000
0,224,1410.22,126.770,126.770,298.000,3719.02,0.00000,0.00000,0.00000
0,225,1445.04,128.180,128.180,324.000,3661.11,0.00000,0.00000,0.00000
0,226,1413.19,125.450,125.450,289.000,3602.79,0.00000,0.00000,0.00000
0,227,1486.63,127.317,127.317,283.000,3659.69,0.00000,0.00000,0.00000
0,228,1380.73,126.345,126.345,307.000,3672.08,0.00000,0.00000,0.00000
0,229,1311.85,125.665,125.665,289.000,3624.78,0.00000,0.00000,0.00000
0,230,1412.92,127.176,127.176,311.000,3666.62,0.00000,0.00000,0.00000
0,231,1452.93,126.958,126.958,289.000,3657.14,0.00000,0.00000,0.00000
0,232,1248.23,124.962,124.962,309.000,3434.65,0.00000,0.00000,0.00000
0,233,1327.03,127.094,127.094,307.000,3655.63,0.00000,0.00000,0.00000
0,234,1306.96,128.558,128.558,324.000,3705.55,0.00000,0.00000,0.00000
0,235,1401.63,126.246,126.246,319.000,3554.62,0.00000,0.00000,0.00000
0,236,1432.22,126.893,126.893,314.000,3617.27,0.00000,0.00000,0.00000
0,237,1244.87,127.624,127.624,305.000,3736.79,0.00000,0.00000,0.00000
0,238,1394.86,128.176,128.176,301.000,3620.76,0.00000,0.00000,0.00000
0,239,1526.85,126.626,126.626,282.000,3670.49,0.00000,0.00000,0.00000
0,240,1349.28,123.713,123.713,313.000,3341.66,0.00000,0.00000,0.00000
0,241,1374.81,130.003,130.003,345.000,3889.46,0.00000,0.00000,0.00000
0,242,1508.62,127.263,127.263,328.000,3598.54,0.00000,0.00000,0.00000
0,243,1365.75,125.180,125.180,294.000,3505.59,0.00000,0.00000,0.00000
0,244,1374.02,127.949,127.949,365.000,3760.15,0.00000,0.00000,0.00000
0,245,1398.30,127.723,127.723,295.000,3664.83,0.00000,0.00000,0.00000
0,246,1346.74,127.759,127.759,337.000,3679.26,0.00000,0.00000,0.00000
0,247,1381.79,126.180,126.180,288.000,3599.22,0.00000,0.00000,0.00000
0,248,1384.75,129.558,129.558,336.000,3848.01,0.00000,0.00000,0.00000
0,249,1529.10,124.818,124.818,300.000,3474.17,0.00000,0.00000,0.00000
0,250,1405.38,125.083,125.083,292.000,3501.71,0.00000,0.00000,0.00000
0,251,1322.32,128.644,128.644,319.000,3742.68,0.00000,0.00000,0.00000
0,252,1459.46,127.216,127.216,304.000,3645.82,0.00000,0.00000,0.00000
0,253,1427.92,125.644,125.644,314.000,3528.20,0.00000,0.00000,0.00000
0,254,1355.15,129.303,129.303,297.000,3778.04,0.00000,0.00000,0.00000
0,255,1324.77,123.553,123.553,283.000,3437.25,0.00000,0.00000,0.00000
0,256,1431.76,128.318,128.318,312.000,3757.64,0.00000,0.00000,0.00000
0,257,1496.12,123.539,123.539,287.000,3513.84,0.00000,0.00000,0.00000
0,258,1402.13,128.440,128.440,305.000,3765.22,0.00000,0.00000,0.00000
0,259,1402.09,124.486,124.486,292.000,3534.63,0.00000,0.00000,0.00000
0,260,1480.60,125.279,125.279,318.000,3546.08,0.00000,0.00000,0.00000
0,261,1478.20,125.409,125.409,320.000,3518.43,0.00000,0.00000,0.00000
0,262,1244.49,128.358,128.358,313.000,3702.80,0.00000,0.00000,0.00000
0,263,1331.38,128.125,128.125,333.000,3686.21,0.00000,0.00000,0.00000
0,264,1457.37,126.108,126.108,330.000,3481.05,0.00000,0.00000,0.00000
0,265,1417.82,125.244,125.244,358.000,3570.36,0.00000,0.00000,0.00000
0,266,1514.92,126.316,126.316,344.000,3587.03,0.00000,0.00000,0.00000
0,267,1143.64,126.233,126.233,299.000,3624.89,0.00000,0.00000,0.00000
0,268,1502.53,125.762,125.762,304.000,3559.41,0.00000,0.00000,0.00000
0,269,1316.78,124.674,124.674,292.000,3528.09,0.00000,0.00000,0.00000
0,270,1403.06,124.871,124.871,294.000,3469.13,0.00000,0.00000,0.00000
0,271,1319.55,126.181,126.181,354.000,3491.92,0.00000,0.00000,0.00000
0,272,1515.02,127.125,127.125,365.000,3755.80,0.00000,0.00000,0.00000
0,273,1355.13,126.014,126.014,318.000,3588.91,0.00000,0.00000,0.00000
0,274,1471.24,129.894,129.894,365.000,3897.48,0.00000,0.00000,0.00000
0,275,1324.35,129.346,129.346,354.000,3790.67,0.00000,0.00000,0.00000
0,276,1477.18,128.003,128.003,322.000,3679.16,0.00000,0.00000,0.00000
0,277,1323.51,125.592,125.592,335.000,3587.71,0.00000,0.00000,0.00000
0,278,1543.68,127.648,127.648,304.000,3614.82,0.00000,0.00000,0.00000
0,279,1462.16,125.954,125.954,319.000,3541.03,0.00000,0.00000,0.00000
0,280,1378.83,123.910,123.910,304.000,3401.57,0.00000,0.00000,0.00000
0,281,1527.76,127.138,127.138,314.000,3736.45,0.00000,0.00000,0.00000
0,282,1436.38,127.065,127.065,314.000,3576.18,0.00000,0.00000,0.00000
0,283,1339.58,128.846,128.846,312.000,3806.26,0.00000,0.00000,0.00000
0,284,1409.82,127.847,127.847,318.000,3722.45,0.00000,0.00000,0.00000
0,285,1292.92,125.686,125.686,291.000,3575.04,0.00000,0.00000,0.00000
0,286,1334.20,126.907,126.907,301.000,3664.77,0.00000,0.00000,0.00000
0,287,1455.34,125.533,125.533,285.000,3477.27,0.00000,0.00000,0.00000
0,288,1396.78,128.631,128.631,285.000,3785.45,0.00000,0.00000,0.00000
0,289,1575.68,125.516,125.516,295.000,3571.60,0.00000,0.00000,0.00000
0,290,1245.73,127.367,127.367,314.000,3604.22,0.00000,0.00000,0.00000
0,291,1389.46,127.266,127.266,300.000,3793.48,0.00000,0.00000,0.00000
0,292,1356.39,124.161,124.161,312.000,3420.22,0.00000,0.00000,0.00000
0,293,1350.43,126.227,126.227,301.000,3607.98,0.00000,0.00000,0.00000
0,294,1640.92,130.365,130.365,298.000,3885.04,0.00000,0.00000,0.00000
0,295,1480.95,127.321,127.321,317.000,3698.50,0.00000,0.00000,0.00000
0,296,1546.13,130.399,130.399,296.000,3949.48,0.00000,0.00000,0.00000
0,297,1355.50,128.563,128.563,300.000,3774.10,0.00000,0.00000,0.00000
0,298,1318.87,124.595,124.595,313.000,3472.65,0.00000,0.00000,0.00000
0,299,1422.29,127.555,127.555,287.000,3703.92,0.00000,0.00000,0.00000
0,300,1322.54,126.529,126.529,302.000,3703.55,0.00000,0.00000,0.00000
0,301,1436.89,127.406,127.406,319.000,3721.72,0.00000,0.00000,0.00000
0,302,1364.48,125.734,125.734,338.000,3600.44,0.00000,0.00000,0.00000
0,303,1528.80,125.793,125.793,303.000,3551.00,0.00000,0.00000,0.00000
0,304,1298.92,128.175,128.175,316.000,3725.34,0.00000,0.00000,0.00000
0,305,1454.21,125.496,125.496,302.000,3560.10,0.00000,0.00000,0.00000
0,306,1477.27,126.833,126.833,330.000,3679.46,0.00000,0.00000,0.00000
0,307,1361.98,126.412,126.412,326.000,3587.47,0.00000,0.00000,0.00000
0,308,1382.45,128.167,128.167,313.000,3719.14,0.00000,0.00000,0.00000
0,309,1378.52,126.075,126.075,290.000,3521.28,0.00000,0.00000,0.00000
0,310,1327.44,127.051,127.051,287.000,3736.75,0.00000,0.00000,0.00000
0,311,1309.50,127.252,127.252,327.000,3643.93,0.00000,0.00000,0.00000
0,312,1428.58,126.533,126.533,305.000,3646.04,0.00000,0.00000,0.00000
0,313,1264.69,128.665,128.665,302.000,3772.92,0.00000,0.00000,0.00000
0,314,1474.16,128.259,128.259,291.000,3669.71,0.00000,0.00000,0.00000
0,315,1428.94,126.159,126.159,334.000,3594.54,0.00000,0.00000,0.00000
0,316,1430.54,126.437,126.437,279.000,3584.39,0.00000,0.00000,0.00000
0,317,1514.88,127.125,127.125,314.000,3768.23,0.00000,0.00000,0.00000
0,318,1460.11,125.258,125.258,327.000,3517.13,0.00000,0.00000,0.00000
0,319,1446.10,129.181,129.181,317.000,3823.40,0.00000,0.00000,0.00000
0,320,1427.24,127.304,127.304,299.000,3566.39,0.00000,0.00000,0.00000
0,321,1504.50,125.613,125.613,298.000,3575.63,0.00000,0.00000,0.00000
0,322,1513.40,126.319,126.319,291.000,3673.55,0.00000,0.00000,0.00000
0,323,1337.94,124.630,124.630,290.000,3487.45,0.00000,0.00000,0.00000
0,324,1399.94,129.096,129.096,323.000,3827.63,0.00000,0.00000,0.00000
0,325,1440.85,126.223,126.223,284.000,3611.88,0.00000,0.00000,0.00000
0,326,1317.82,126.495,126.495,299.000,3733.69,0.00000,0.00000,0.00000
0,327,1254.50,128.666,128.666,310.000,3761.42,0.00000,0.00000,0.00000
0,328,1304.20,127.365,127.365,296.000,3719.31,0.00000,0.00000,0.00000
0,329,1403.03,127.855,127.855,319.000,3652.61,0.00000,0.00000,0.00000
0,330,1422.55,126.670,126.670,320.000,3664.11,0.00000,0.00000,0.00000
0,331,1240.79,127.398,127.398,322.000,3663.75,0.00000,0.00000,0.00000
0,332,1485.65,127.838,127.838,315.000,3739.91,0.00000,0.00000,0.00000
0,333,1484.52,128.273,128.273,328.000,3721.06,0.00000,0.00000,0.00000
0,334,1407.55,127.659,127.659,304.000,3734.27,0.00000,0.00000,0.00000
0,335,1443.33,124.665,124.665,282.000,3568.69,0.00000,0.00000,0.00000
0,336,1276.50,124.115,124.115,286.000,3426.61,0.00000,0.00000,0.00000
0,337,1445.79,127.811,127.811,307.000,3689.41,0.00000,0.00000,0.00000
0,338,1187.59,123.263,123.263,283.000,3304.77,0.00000,0.00000,0.00000
0,339,1294.72,124.993,124.993,318.000,3521.09,0.00000,0.00000,0.00000
0,340,1497.83,124.441,124.441,323.000,3523.78,0.00000,0.00000,0.00000
0,341,1452.08,125.508,125.508,316.000,3560.94,0.00000,0.00000,0.00000
0,342,1575.78,129.598,129.598,333.000,3810.43,0.00000,0.00000,0.00000
0,343,1372.86,127.007,127.007,294.000,3650.72,0.00000,0.00000,0.00000
0,344,1314.55,127.117,127.117,314.000,3576.79,0.00000,0.00000,0.00000
0,345,1411.39,125.534,125.534,300.000,3643.62,0.00000,0.00000,0.00000
0,346,1507.52,128.194,128.194,326.000,3773.09,0.00000,0.00000,0.00000
0,347,1348.02,129.613,129.613,324.000,3811.96,0.00000,0.00000,0.00000
0,348,1337.62,123.863,123.863,285.000,3428.37,0.00000,0.00000,0.00000
0,349,1213.14,130.180,130.180,323.000,3895.04,0.00000,0.00000,0.00000
0,350,1464.75,125.748,125.748,280.000,3560.83,0.00000,0.00000,0.00000
0,351,1371.78,125.477,125.477,335.000,3488.81,0.00000,0.00000,0.00000
0,352,1491.09,123.489,123.489,289.000,3418.66,0.00000,0.00000,0.00000
0,353,1432.49,128.829,128.829,322.000,3785.27,0.00000,0.00000,0.00000
0,354,1418.76,128.894,128.894,314.000,3839.93,0.00000,0.00000,0.00000
0,355,1371.26,125.184,125.184,304.000,3467.91,0.00000,0.00000,0.00000
0,356,1268.49,124.655,124.655,296.000,3418.97,0.00000,0.00000,0.00000
0,357,1487.30,129.465,129.465,365.000,3849.64,0.00000,0.00000,0.00000
0,358,1543.08,127.582,127.582,289.000,3664.95,0.00000,0.00000,0.00000
0,359,1164.76,125.064,125.064,365.000,3450.22,0.00000,0.00000,0.00000
0,360,1450.97,128.399,128.399,306.000,3732.94,0.00000,0.00000,0.00000
0,361,1478.05,129.052,129.052,320.000,3828.74,0.00000,0.00000,0.00000
0,362,1329.18,126.248,126.248,302.000,3615.55,0.00000,0.00000,0.00000
0,363,1222.81,127.492,127.492,327.000,3710.11,0.00000,0.00000,0.00000
0,364,1375.88,126.811,126.811,342.000,3647.60,0.00000,0.00000,0.00000
0,365,1441.46,125.095,125.095,309.000,3525.82,0.00000,0.00000,0.00000
0,366,1303.21,126.486,126.486,291.000,3580.46,0.00000,0.00000,0.00000
0,367,1411.40,126.408,126.408,283.000,3506.95,0.00000,0.00000,0.00000
0,368,1391.03,127.157,127.157,284.000,3647.95,0.00000,0.00000,0.00000
0,369,1283.83,126.532,126.532,317.000,3658.57,0.00000,0.00000,0.00000
0,370,1353.24,127.856,127.856,304.000,3662.29,0.00000,0.00000,0.00000
0,371,1554.13,124.696,124.696,295.000,3546.58,0.00000,0.00000,0.00000
0,372,1514.73,127.521,127.521,326.000,3658.37,0.00000,0.00000,0.00000
0,373,1522.66,127.235,127.235,312.000,3602.76,0.00000,0.00000,0.00000
0,374,1492.77,125.228,125.228,292.000,3460.69,0.00000,0.00000,0.00000
0,375,1312.36,126.441,126.441,311.000,3596.95,0.00000,0.00000,0.00000
0,376,1401.16,127.979,127.979,316.000,3750.70,0.00000,0.00000,0.00000
0,377,1413.44,126.965,126.965,300.000,3716.26,0.00000,0.00000,0.00000
0,378,1444.73,127.158,127.158,354.000,3730.41,0.00000,0.00000,0.00000
0,379,1429.11,124.040,124.040,299.000,3368.13,0.00000,0.00000,0.00000
0,380,1479.87,127.168,127.168,304.000,3761.76,0.00000,0.00000,0.00000
0,381,1299.27,128.477,128.477,317.000,3759.16,0.00000,0.00000,0.00000
0,382,1515.85,125.268,125.268,319.000,3464.94,0.00000,0.00000,0.00000
0,383,1342.81,126.574,126.574,314.000,3585.57,0.00000,0.00000,0.00000
0,384,1406.54,126.791,126.791,307.000,3713.33,0.00000,0.00000,0.00000
0,385,1480.12,128.307,128.307,334.000,3758.66,0.00000,0.00000,0.00000
0,386,1435.13,129.301,129.301,365.000,3814.37,0.00000,0.00000,0.00000
0,387,1429.55,127.021,127.021,316.000,3634.56,0.00000,0.00000,0.00000
0,388,1509.85,126.363,126.363,315.000,3606.96,0.00000,0.00000,0.00000
0,389,1491.01,124.367,124.367,295.000,3505.41,0.00000,0.00000,0.00000
0,390,1421.61,124.463,124.463,307.000,3457.58,0.00000,0.00000,0.00000
0,391,1324.86,127.528,127.528,297.000,3592.20,0.00000,0.00000,0.00000
0,392,1425.34,123.605,123.605,288.000,3472.04,0.00000,0.00000,0.00000
0,393,1373.33,125.861,125.861,319.000,3555.84,0.00000,0.00000,0.00000
0,394,1424.47,126.382,126.382,293.000,3639.50,0.00000,0.00000,0.00000
0,395,1378.11,127.311,127.311,324.000,3682.97,0.00000,0.00000,0.00000
0,396,1331.84,126.536,126.536,308.000,3618.19,0.00000,0.00000,0.00000
0,397,1371.22,125.299,125.299,297.000,3530.95,0.00000,0.00000,0.00000
0,398,1448.72,127.809,127.809,317.000,3674.43,0.00000,0.00000,0.00000
0,399,1234.54,126.968,126.968,286.000,3744.84,0.00000,0.00000,0.00000
0,400,1337.31,126.798,126.798,293.000,3678.01,0.00000,0.00000,0.00000
0,401,1460.82,127.477,127.477,315.000,3651.98,0.00000,0.00000,0.00000
0,402,1382.84,128.945,128.945,316.000,3722.76,0.00000,0.00000,0.00000
0,403,1341.34,128.701,128.701,348.000,3728.50,0.00000,0.00000,0.00000
0,404,1548.67,125.650,125.650,299.000,3542.77,0.00000,0.00000,0.00000
0,405,1350.26,125.347,125.347,287.000,3521.79,0.00000,0.00000,0.00000
0,406,1395.24,127.899,127.899,306.000,3752.52,0.00000,0.00000,0.00000
0,407,1403.74,126.410,126.410,299.000,3592.49,0.00000,0.00000,0.00000
0,408,1290.33,127.364,127.364,306.000,3641.53,0.00000,0.00000,0.00000
0,409,1445.00,125.405,125.405,285.000,3507.46,0.00000,0.00000,0.00000
0,410,1440.10,126.869,126.869,311.000,3640.15,0.00000,0.00000,0.00000
0,411,1396.60,125.029,125.029,309.000,3618.17,0.00000,0.00000,0.00000
0,412,1419.08,129.217,129.217,314.000,3799.69,0.00000,0.00000,0.00000
0,413,1374.86,125.188,125.188,289.000,3544.05,0.00000,0.00000,0.00000
0,414,1417.34,125.172,125.172,337.000,3488.29,0.00000,0.00000,0.00000
0,415,1304.55,125.881,125.881,310.000,3494.08,0.00000,0.00000,0.00000
0,416,1341.20,126.098,126.098,326.000,3563.44,0.00000,0.00000,0.00000
0,417,1257.04,128.214,128.214,313.000,3771.01,0.00000,0.00000,0.00000
0,418,1403.27,128.479,128.479,306.000,3784.93,0.00000,0.00000,0.00000
0,419,1507.30,127.230,127.230,314.000,3665.47,0.00000,0.00000,0.00000
0,420,1312.79,126.544,126.544,304.000,3541.21,0.00000,0.00000,0.00000
0,421,1372.56,125.974,125.974,305.000,3624.75,0.00000,0.00000,0.00000
0,422,1433.82,125.642,125.642,294.000,3550.83,0.00000,0.00000,0.00000
0,423,1365.74,127.650,127.650,312.000,3759.58,0.00000,0.00000,0.00000
0,424,1450.24,124.834,124.834,328.000,3422.37,0.00000,0.00000,0.00000
0,425,1312.18,123.280,123.280,314.000,3352.22,0.00000,0.00000,0.00000
0,426,1456.61,127.994,127.994,313.000,3732.86,0.00000,0.00000,0.00000
0,427,1320.36,124.662,124.662,340.000,3478.70,0.00000,0.00000,0.00000
0,428,1330.35,126.729,126.729,317.000,3658.30,0.00000,0.00000,0.00000
0,429,1392.35,123.375,123.375,303.000,3438.39,0.00000,0.00000,0.00000
0,430,1528.19,125.201,125.201,288.000,3535.45,0.00000,0.00000,0.00000
0,431,1267.83,127.468,127.468,352.000,3610.18,0.00000,0.00000,0.00000
0,432,1181.62,126.878,126.878,300.000,3682.34,0.00000,0.00000,0.00000
0,433,1455.95,127.982,127.982,281.000,3698.93,0.00000,0.00000,0.00000
0,434,1286.27,125.725,125.725,318.000,3586.59,0.00000,0.00000,0.00000
0,435,1342.32,126.368,126.368,303.000,3572.36,0.00000,0.00000,0.00000
0,436,1287.66,127.068,127.068,283.000,3690.35,0.00000,0.00000,0.00000
0,437,1528.29,127.358,127.358,293.000,3706.49,0.00000,0.00000,0.00000
0,438,1414.66,127.067,127.067,320.000,3773.34,0.00000,0.00000,0.00000
0,439,1409.02,124.870,124.870,286.000,3535.11,0.00000,0.00000,0.00000
0,440,1461.12,127.097,127.097,280.000,3705.59,0.00000,0.00000,0.00000
0,441,1348.60,126.592,126.592,325.000,3611.29,0.00000,0.00000,0.00000
0,442,1407.56,127.085,127.085,310.000,3728.52,0.00000,0.00000,0.00000
0,443,1417.29,127.063,127.063,316.000,3627.43,0.00000,0.00000,0.00000
0,444,1246.23,125.587,125.587,330.000,3647.48,0.00000,0.00000,0.00000
0,445,1554.96,124.979,124.979,317.000,3524.83,0.00000,0.00000,0.00000
0,446,1264.16,128.878,128.878,321.000,3803.28,0.00000,0.00000,0.00000
0,447,1390.14,127.506,127.506,299.000,3621.47,0.00000,0.00000,0.00000
0,448,1436.42,128.370,128.370,308.000,3800.39,0.00000,0.00000,0.00000
0,449,1578.41,128.939,128.939,327.000,3772.22,0.00000,0.00000,0.00000
0,450,1434.32,128.696,128.696,331.000,3778.27,0.00000,0.00000,0.00000
0,451,1348.27,129.183,129.183,309.000,3735.68,0.00000,0.00000,0.00000
0,452,1253.11,128.954,128.954,315.000,3851.30,0.00000,0.00000,0.00000
0,453,1428.72,128.255,128.255,337.000,3713.95,0.00000,0.00000,0.00000
0,454,1302.90,123.647,123.647,302.000,3412.19,0.00000,0.00000,0.00000
0,455,1456.97,128.849,128.849,300.000,3716.85,0.00000,0.00000,0.00000
0,456,1603.54,126.528,126.528,318.000,3592.34,0.00000,0.00000,0.00000
0,457,1558.74,126.854,126.854,305.000,3620.07,0.00000,0.00000,0.00000
0,458,1205.26,128.307,128.307,344.000,3727.10,0.00000,0.00000,0.00000
0,459,1246.95,126.951,126.951,317.000,3638.57,0.00000,0.00000,0.00000
0,460,1384.55,126.502,126.502,294.000,3565.83,0.00000,0.00000,0.00000
0,461,1408.15,126.346,126.346,309.000,3567.74,0.00000,0.00000,0.00000
0,462,1530.78,127.074,127.074,306.000,3700.63,0.00000,0.00000,0.00000
0,463,1320.69,128.958,128.958,365.000,3809.78,0.00000,0.00000,0.00000
0,464,1561.21,125.180,125.180,303.000,3625.90,0.00000,0.00000,0.00000
0,465,1366.48,126.665,126.665,321.000,3573.95,0.00000,0.00000,0.00000
0,466,1413.98,126.154,126.154,309.000,3544.14,0.00000,0.00000,0.00000
0,467,1569.01,128.129,128.129,299.000,3732.53,0.00000,0.00000,0.00000
0,468,1418.22,126.689,126.689,304.000,3518.88,0.00000,0.00000,0.00000
0,469,1489.84,128.853,128.853,307.000,3771.94,0.00000,0.00000,0.00000
0,470,1437.48,123.911,123.911,289.000,3431.23,0.00000,0.00000,0.00000
0,471,1367.67,128.752,128.752,330.000,3718.61,0.00000,0.00000,0.00000
0,472,1403.50,124.404,124.404,280.000,3458.88,0.00000,0.00000,0.00000
0,473,1314.20,127.384,127.384,303.000,3635.35,0.00000,0.00000,0.00000
0,474,1388.04,127.238,127.238,292.000,3619.71,0.00000,0.00000,0.00000
0,475,1364.96,125.370,125.370,282.000,3545.28,0.00000,0.00000,0.00000
0,476,1350.73,123.966,123.966,306.000,3402.73,0.00000,0.00000,0.00000
0,477,1345.58,127.958,127.958,339.000,3680.34,0.00000,0.00000,0.00000
0,478,1445.24,126.611,126.611,283.000,3578.04,0.00000,0.00000,0.00000
0,479,1396.95,124.670,124.670,297.000,3532.37,0.00000,0.00000,0.00000
0,480,1438.92,127.150,127.150,313.000,3647.31,0.00000,0.00000,0.00000
0,481,1429.01,125.557,125.557,327.000,3571.03,0.00000,0.00000,0.00000
0,482,1305.97,127.954,127.954,308.000,3773.73,0.00000,0.00000,0.00000
0,483,1571.02,127.553,127.553,339.000,3728.03,0.00000,0.00000,0.00000
0,484,1353.39,127.042,127.042,285.000,3623.08,0.00000,0.00000,0.00000
0,485,1322.14,126.590,126.590,305.000,3644.27,0.00000,0.00000,0.00000
0,486,1404.32,127.000,127.000,365.000,3607.52,0.00000,0.00000,0.00000
0,487,1269.34,126.349,126.349,312.000,3600.95,0.00000,0.00000,0.00000
0,488,1267.75,128.415,128.415,298.000,3801.24,0.00000,0.00000,0.00000
0,489,1365.50,128.937,128.937,324.000,3732.34,0.00000,0.00000,0.00000
0,490,1338.71,125.277,125.277,279.000,3602.81,0.00000,0.00000,0.00000
0,491,1503.33,126.470,126.470,300.000,3586.15,0.00000,0.00000,0.00000
0,492,1424.97,125.816,125.816,306.000,3605.41,0.00000,0.00000,0.00000
0,493,1447.88,126.570,126.570,344.000,3538.08,0.00000,0.00000,0.00000
0,494,1328.02,125.974,125.974,277.000,3558.84,0.00000,0.00000,0.00000
0,495,1261.98,126.700,126.700,303.000,3644.15,0.00000,0.00000,0.00000
0,496,1334.20,125.412,125.412,304.000,3595.01,0.00000,0.00000,0.00000
0,497,1423.42,125.739,125.739,328.000,3539.48,0.00000,0.00000,0.00000
0,498,1504.45,128.838,128.838,311.000,3765.10,0.00000,0.00000,0.00000
0,499,1420.36,126.889,126.889,305.000,3684.38,0.00000,0.00000,0.00000
0,500,1396.58,127.324,127.324,295.000,3694.48,0.00000,0.00000,0.00000
