siteID,year,genus,<0,0-8,8-28,-48,-68,-88,>88,max_diam,max_ht,leaf_area_ind,basal_area,total_biomC,pl_biomC_std,total_biomN,pl_biomN_std
0,0,Acer',0,1508,0,0,0,0,0,2.50000,3.05353,0.148407,0.327902,0.567978,0.626900E-01,0.339858E-05,0.376980E-03
0,0,Aesculus',0,8,0,0,0,0,0,2.50000,3.00605,0.733722E-03,0.156932E-02,0.197190E-02,0.374547E-02,0.149443E-07,0.288122E-04
0,0,Carya',0,34,0,0,0,0,0,2.50000,4.08064,0.373509E-02,0.847899E-02,0.166662E-01,0.154326E-01,0.908046E-07,0.840927E-04
0,0,Cercis',0,10,0,0,0,0,0,2.50000,3.38700,0.997060E-03,0.249909E-02,0.480468E-02,0.834350E-02,0.250303E-07,0.434835E-04
0,0,Comus',0,10,0,0,0,0,0,2.50000,2.68348,0.106163E-02,0.221811E-02,0.504625E-02,0.754089E-02,0.264967E-07,0.403325E-04
0,0,Diospyros',0,5,0,0,0,0,0,2.50000,2.52747,0.558328E-03,0.106272E-02,0.284431E-02,0.639447E-02,0.143581E-07,0.329465E-04
0,0,Fagus',0,9,0,0,0,0,0,2.50000,2.83934,0.926829E-03,0.197684E-02,0.391287E-02,0.688469E-02,0.220375E-07,0.393127E-04
0,0,Fraxinus',0,896,0,0,0,0,0,2.50000,2.71974,0.102127,0.194106,0.393795,0.643153E-01,0.234528E-05,0.391551E-03
0,0,Juglans',0,9,0,0,0,0,0,2.50000,2.57564,0.134714E-02,0.245336E-02,0.474017E-02,0.736829E-02,0.299265E-07,0.471905E-04
0,0,Juniperus',0,8,0,0,0,0,0,2.50000,3.24273,0.938939E-03,0.198143E-02,0.326260E-02,0.597170E-02,0.208127E-07,0.382591E-04
0,0,Liquidambar',0,69,0,0,0,0,0,2.50000,3.12461,0.732396E-02,0.149833E-01,0.235299E-01,0.156323E-01,0.157721E-06,0.105560E-03
0,0,Liriodendron',0,874,0,0,0,0,0,2.50000,2.45508,0.113150,0.187749,0.339284,0.539798E-01,0.238283E-05,0.391426E-03
0,0,Nyssa',0,8,0,0,0,0,0,2.50000,2.55069,0.917647E-03,0.181880E-02,0.333009E-02,0.528942E-02,0.206102E-07,0.333738E-04
0,0,Oxydendron',0,851,0,0,0,0,0,2.50000,4.23263,0.733865E-01,0.186242,0.284852,0.563494E-01,0.168944E-05,0.330421E-03
0,0,Pinus',0,16,0,0,0,0,0,2.50000,3.98862,0.154001E-02,0.356377E-02,0.572008E-02,0.775479E-02,0.349558E-07,0.469778E-04
0,0,Prunus',0,87,0,0,0,0,0,2.50000,2.52747,0.110436E-01,0.196884E-01,0.367037E-01,0.209254E-01,0.240542E-06,0.139906E-03
0,0,Quercus',0,562,0,0,0,0,0,2.50000,2.92864,0.652521E-01,0.120502,0.268504,0.535843E-01,0.153602E-05,0.311680E-03
0,0,Robinia',0,10,0,0,0,0,0,2.50000,2.69135,0.114199E-02,0.207154E-02,0.504052E-02,0.850156E-02,0.276408E-07,0.475389E-04
0,0,Sassafras',0,9,0,0,0,0,0,2.50000,3.88995,0.964199E-03,0.224364E-02,0.301245E-02,0.552161E-02,0.205745E-07,0.373414E-04
0,0,Tilia',0,9,0,0,0,0,0,2.50000,3.35132,0.813540E-03,0.190463E-02,0.214058E-02,0.407031E-02,0.164682E-07,0.314258E-04
0,100,Acer',0,0,7,16,0,0,0,100.066,31.3743,0.375493,2.42011,7.90346,13.0323,0.229687E-04,0.376173E-01
0,100,Aesculus',0,0,0,0,0,0,0,0.00000,0.00000,0.00000,0.00000,0.00000,0.00000,0.00000,0.00000
0,100,Carya',0,0,1,1,0,0,0,71.6909,32.5328,0.975477E-01,0.565760,2.81978,10.1780,0.767043E-05,0.275595E-01
0,100,Cercis',0,0,0,0,0,0,0,0.00000,0.00000,0.00000,0.00000,0.00000,0.00000,0.00000,0.00000
0,100,Comus',0,0,0,0,0,0,0,0.00000,0.00000,0.00000,0.00000,0.00000,0.00000,0.00000,0.00000
0,100,Diospyros',0,0,0,0,0,0,0,0.00000,0.00000,0.00000,0.00000,0.00000,0.00000,0.00000,0.00000
0,100,Fagus',0,0,3,0,0,0,0,30.9579,16.1706,0.273600E-01,0.899043E-01,0.280424,0.843480,0.101703E-05,0.293722E-02
0,100,Fraxinus',0,0,5,10,0,0,0,54.0383,21.8350,0.109184,1.36378,2.82098,4.55593,0.784060E-05,0.130884E-01
0,100,Juglans',0,0,0,0,0,0,0,106.357,28.7391,0.688822E-01,0.709462,2.05008,9.84152,0.554733E-05,0.267602E-01
0,100,Juniperus',0,0,0,0,0,0,0,0.00000,0.00000,0.00000,0.00000,0.00000,0.00000,0.00000,0.00000
0,100,Liquidambar',0,0,0,0,0,0,0,24.8718,15.6838,0.339592E-03,0.485854E-02,0.759544E-02,0.107416,0.217674E-07,0.307837E-03
0,100,Liriodendron',0,0,0,1,2,3,20,141.210,30.6204,2.50231,23.2223,57.7235,46.6918,0.164297E-03,0.128444
0,100,Nyssa',0,0,0,0,0,0,0,17.0406,8.17624,0.711611E-03,0.228065E-02,0.451733E-02,0.638846E-01,0.202825E-07,0.286838E-03
0,100,Oxydendron',0,0,0,0,0,0,0,11.3999,10.4323,0.517524E-03,0.727014E-02,0.898377E-02,0.489596E-01,0.274140E-07,0.154004E-03
0,100,Pinus',0,0,2,0,0,0,0,31.5607,23.1222,0.263859E-01,0.125717,0.371022,1.11145,0.120562E-05,0.358753E-02
0,100,Prunus',0,0,0,4,6,2,0,79.6756,24.8486,0.316431,3.11499,6.84193,10.0045,0.197595E-04,0.294323E-01
0,100,Quercus',0,0,25,30,12,0,0,70.7259,24.0873,1.07258,7.27154,20.4318,17.7286,0.608443E-04,0.524875E-01
0,100,Robinia',0,0,0,0,0,0,0,0.00000,0.00000,0.00000,0.00000,0.00000,0.00000,0.00000,0.00000
0,100,Sassafras',0,0,0,0,0,0,0,0.00000,0.00000,0.00000,0.00000,0.00000,0.00000,0.00000,0.00000
0,100,Tilia',0,0,0,0,0,0,0,0.00000,0.00000,0.00000,0.00000,0.00000,0.00000,0.00000,0.00000
0,110,Acer',0,0,3,9,3,0,0,104.419,31.7399,0.336008,2.19016,7.47136,12.1568,0.214401E-04,0.349149E-01
0,110,Aesculus',0,0,0,0,0,0,0,0.00000,0.00000,0.00000,0.00000,0.00000,0.00000,0.00000,0.00000
0,110,Carya',0,0,0,1,0,0,0,81.5774,33.3928,0.935411E-01,0.542394,2.78055,11.2464,0.752558E-05,0.303675E-01
0,110,Cercis',0,0,0,0,0,0,0,0.00000,0.00000,0.00000,0.00000,0.00000,0.00000,0.00000,0.00000
0,110,Comus',0,0,0,0,0,0,0,0.00000,0.00000,0.00000,0.00000,0.00000,0.00000,0.00000,0.00000
0,110,Diospyros',0,0,0,0,0,0,0,0.00000,0.00000,0.00000,0.00000,0.00000,0.00000,0.00000,0.00000
0,110,Fagus',0,0,2,0,0,0,0,34.3439,17.3409,0.315948E-01,0.104477,0.354049,1.13910,0.124160E-05,0.384235E-02
0,110,Fraxinus',0,0,2,6,1,0,0,63.1495,23.7964,0.106442,1.20611,2.79935,5.40504,0.775305E-05,0.153872E-01
0,110,Juglans',0,0,0,0,0,0,0,122.462,30.2174,0.616924E-01,0.737238,2.16817,11.9585,0.570626E-05,0.316304E-01
0,110,Juniperus',0,0,0,0,0,0,0,0.00000,0.00000,0.00000,0.00000,0.00000,0.00000,0.00000,0.00000
0,110,Liquidambar',0,0,0,0,0,0,0,31.1338,18.2298,0.733067E-03,0.761299E-02,0.144716E-01,0.204659,0.427119E-07,0.604038E-03
0,110,Liriodendron',0,0,0,0,0,2,16,164.372,31.9640,2.14492,21.8551,55.5078,56.6722,0.154228E-03,0.154165
0,110,Nyssa',0,0,0,0,0,0,0,0.00000,0.00000,0.00000,0.00000,0.00000,0.00000,0.00000,0.00000
0,110,Oxydendron',0,0,0,0,0,0,0,12.9058,11.0492,0.349986E-03,0.443875E-02,0.574456E-02,0.515259E-01,0.178039E-07,0.163287E-03
0,110,Pinus',0,0,1,0,0,0,0,37.5833,25.3085,0.287931E-01,0.135990,0.439214,1.56625,0.139193E-05,0.492313E-02
0,110,Prunus',0,0,0,2,4,3,0,93.3657,26.7879,0.398370,3.72209,8.98373,14.4554,0.256986E-04,0.420376E-01
0,110,Quercus',0,0,15,24,16,2,0,81.3967,25.8327,1.28615,8.80253,26.7111,23.7859,0.778727E-04,0.687542E-01
0,110,Robinia',0,0,0,0,0,0,0,0.00000,0.00000,0.00000,0.00000,0.00000,0.00000,0.00000,0.00000
0,110,Sassafras',0,0,0,0,0,0,0,0.00000,0.00000,0.00000,0.00000,0.00000,0.00000,0.00000,0.00000
0,110,Tilia',0,0,0,0,0,0,0,0.00000,0.00000,0.00000,0.00000,0.00000,0.00000,0.00000,0.00000
0,120,Acer',21,111,1,4,5,0,0,116.261,32.5807,0.339982,2.15247,7.82253,15.4684,0.222776E-04,0.437449E-01
0,120,Aesculus',0,0,0,0,0,0,0,3.92132,3.93783,0.127213E-03,0.354814E-03,0.370754E-03,0.233234E-02,0.265520E-08,0.169170E-04
0,120,Carya',0,1,0,0,0,0,0,91.7868,34.0250,0.784713E-01,0.452947,2.37870,11.7642,0.641565E-05,0.316645E-01
0,120,Cercis',4,12,0,0,0,0,0,3.25443,3.92372,0.155819E-02,0.399143E-02,0.754607E-02,0.205126E-01,0.392001E-07,0.106643E-03
0,120,Comus',2,8,0,0,0,0,0,3.54975,3.18753,0.135057E-02,0.307372E-02,0.627441E-02,0.184496E-01,0.333854E-07,0.985913E-04
0,120,Diospyros',0,1,0,0,0,0,0,2.91899,2.72884,0.333848E-03,0.728991E-03,0.161365E-02,0.103210E-01,0.839181E-08,0.541865E-04
0,120,Fagus',0,0,2,0,0,0,0,37.3400,18.3175,0.348931E-01,0.116076,0.430312,1.47434,0.145855E-05,0.481515E-02
0,120,Fraxinus',2,18,0,3,2,0,0,72.3215,25.4878,0.104766,1.08210,2.78688,6.41379,0.770125E-05,0.178254E-01
0,120,Juglans',0,0,0,0,0,0,0,138.106,31.3459,0.666555E-01,0.838819,2.53398,13.3825,0.659061E-05,0.352166E-01
0,120,Juniperus',0,0,0,0,0,0,0,2.56983,3.29538,0.442123E-04,0.204331E-03,0.224265E-03,0.221325E-02,0.113699E-08,0.103690E-04
0,120,Liquidambar',0,0,0,0,0,0,0,37.7540,20.5675,0.136033E-02,0.113176E-01,0.252124E-01,0.354128,0.756103E-07,0.105320E-02
0,120,Liriodendron',1,21,0,0,0,0,12,186.706,32.9119,1.85296,21.1051,54.0913,64.1452,0.146877E-03,0.172065
0,120,Nyssa',0,1,0,0,0,0,0,3.15134,2.86086,0.194418E-03,0.398896E-03,0.715435E-03,0.314703E-02,0.438861E-08,0.196927E-04
0,120,Oxydendron',119,1873,0,0,0,0,0,14.2172,11.5181,0.201401,0.535421,0.812487,0.781210,0.470481E-05,0.455489E-02
0,120,Pinus',0,1,1,1,0,0,0,43.9698,27.2085,0.280414E-01,0.143517,0.462603,1.81055,0.143305E-05,0.552966E-02
0,120,Prunus',0,0,0,1,2,4,2,106.056,28.2704,0.461537,4.42630,11.2782,18.9616,0.317068E-04,0.540993E-01
0,120,Quercus',1,5,8,19,15,6,0,87.5878,26.7208,1.41162,9.80387,31.4325,30.0340,0.901711E-04,0.852603E-01
0,120,Robinia',0,0,0,0,0,0,0,1.76695,2.29028,0.173563E-04,0.283406E-04,0.787985E-04,0.866756E-03,0.424961E-09,0.477958E-05
0,120,Sassafras',0,0,0,0,0,0,0,2.27482,3.66931,0.748945E-04,0.171438E-03,0.230581E-03,0.140958E-02,0.159055E-08,0.966950E-05
0,120,Tilia',0,0,0,0,0,0,0,2.49792,3.34970,0.313573E-04,0.723101E-04,0.831727E-04,0.773124E-03,0.636235E-09,0.594700E-05
0,130,Acer',15,142,8,1,4,0,0,124.669,33.0626,0.351166,2.07823,7.64438,16.6145,0.220428E-04,0.465360E-01
0,130,Aesculus',0,0,0,0,0,0,0,9.54535,7.37047,0.295632E-03,0.880454E-03,0.117017E-02,0.141743E-01,0.685616E-08,0.799849E-04
0,130,Carya',0,2,0,0,0,0,0,98.1012,34.3196,0.706348E-01,0.465182,2.26781,11.5280,0.605641E-05,0.307405E-01
0,130,Cercis',0,5,0,0,0,0,0,5.89693,5.52238,0.128218E-02,0.361580E-02,0.704037E-02,0.242518E-01,0.341029E-07,0.113380E-03
0,130,Comus',0,2,0,0,0,0,0,6.15124,4.27005,0.925705E-03,0.241131E-02,0.453163E-02,0.168783E-01,0.233963E-07,0.856036E-04
0,130,Diospyros',0,1,0,0,0,0,0,10.2631,6.06568,0.576868E-03,0.155754E-02,0.340513E-02,0.293095E-01,0.158713E-07,0.129750E-03
0,130,Fagus',2,10,1,0,0,0,0,40.8804,19.4041,0.402318E-01,0.132629,0.510363,1.79277,0.171330E-05,0.579609E-02
0,130,Fraxinus',1,40,1,1,1,0,0,78.5978,26.5028,0.905501E-01,0.889195,2.35037,6.37695,0.652657E-05,0.175244E-01
0,130,Juglans',0,0,0,0,0,0,0,154.707,32.2836,0.780532E-01,0.925851,2.97847,17.1345,0.774245E-05,0.449575E-01
0,130,Juniperus',0,0,0,0,0,0,0,4.96663,5.05153,0.733643E-04,0.193737E-03,0.310736E-03,0.439448E-02,0.175023E-08,0.247520E-04
0,130,Liquidambar',0,0,0,0,0,0,0,6.38651,5.77008,0.118437E-03,0.320344E-03,0.518935E-03,0.733885E-02,0.285816E-08,0.404205E-04
0,130,Liriodendron',1,47,4,0,0,0,8,207.882,33.5785,1.36422,18.3321,46.2139,73.6229,0.122336E-03,0.191858
0,130,Nyssa',0,0,0,0,0,0,0,5.68328,4.00858,0.236877E-03,0.584487E-03,0.867588E-03,0.638352E-02,0.533795E-08,0.388457E-04
0,130,Oxydendron',148,2067,0,0,0,0,0,15.1972,11.8319,0.319019,0.877710,1.37678,1.57790,0.765197E-05,0.869190E-02
0,130,Pinus',1,5,0,0,0,0,0,49.8875,28.6531,0.286354E-01,0.147617,0.489840,2.11993,0.150216E-05,0.637249E-02
0,130,Prunus',0,9,0,0,1,2,3,114.244,29.0911,0.461661,4.64079,12.1773,20.7806,0.337065E-04,0.581061E-01
0,130,Quercus',13,88,4,14,12,9,1,98.2755,28.0673,1.53588,10.8916,36.2963,35.6122,0.102768E-03,0.992935E-01
0,130,Robinia',0,0,0,0,0,0,0,0.00000,0.00000,0.00000,0.00000,0.00000,0.00000,0.00000,0.00000
0,130,Sassafras',0,1,0,0,0,0,0,3.93155,5.23770,0.220189E-03,0.604215E-03,0.782813E-03,0.470059E-02,0.490933E-08,0.297346E-04
0,130,Tilia',0,0,0,0,0,0,0,4.01265,4.50138,0.170324E-03,0.458078E-03,0.483153E-03,0.299307E-02,0.352558E-08,0.215375E-04
0,140,Acer',3,131,33,1,1,1,0,131.833,33.4110,0.423409,2.02596,7.14454,16.5904,0.219720E-04,0.465685E-01
0,140,Aesculus',0,0,0,0,0,0,0,12.1354,8.82342,0.452013E-03,0.143750E-02,0.208547E-02,0.257480E-01,0.111414E-07,0.133871E-03
0,140,Carya',0,4,0,0,0,0,0,101.668,34.4602,0.473925E-01,0.311748,1.49197,9.20135,0.399774E-05,0.244460E-01
0,140,Cercis',0,3,0,0,0,0,0,6.93659,6.04736,0.981451E-03,0.280334E-02,0.554891E-02,0.211783E-01,0.264594E-07,0.971286E-04
0,140,Comus',0,1,0,0,0,0,0,10.4530,5.63603,0.116936E-02,0.330968E-02,0.661005E-02,0.363289E-01,0.315226E-07,0.167506E-03
0,140,Diospyros',0,1,0,0,0,0,0,10.5271,6.17909,0.936459E-03,0.261654E-02,0.550731E-02,0.512355E-01,0.257193E-07,0.228125E-03
0,140,Fagus',0,22,1,1,0,0,0,46.7734,21.0631,0.589499E-01,0.192569,0.759814,2.62372,0.253709E-05,0.843392E-02
0,140,Fraxinus',0,47,5,0,1,0,0,90.7000,28.1801,0.118351,0.836589,2.42096,7.63997,0.708364E-05,0.213364E-01
0,140,Juglans',0,0,0,0,0,0,0,169.964,32.9600,0.912578E-01,1.01827,3.45033,21.1766,0.898111E-05,0.555735E-01
0,140,Juniperus',0,0,0,0,0,0,0,9.47011,8.09681,0.337201E-03,0.920743E-03,0.177951E-02,0.206622E-01,0.882515E-08,0.982553E-04
0,140,Liquidambar',0,0,0,0,0,0,0,10.1047,8.09875,0.283852E-03,0.801928E-03,0.159894E-02,0.226124E-01,0.763941E-08,0.108038E-03
0,140,Liriodendron',0,53,29,0,0,0,5,226.963,34.0339,1.22813,16.4578,41.1825,79.6719,0.109196E-03,0.203399
0,140,Nyssa',0,1,0,0,0,0,0,5.73335,4.03038,0.354740E-03,0.897421E-03,0.130391E-02,0.940055E-02,0.800426E-08,0.578870E-04
0,140,Oxydendron',24,1993,0,0,0,0,0,12.2680,10.7988,0.474784,1.33180,2.21627,2.49310,0.117598E-04,0.128801E-01
0,140,Pinus',1,8,0,1,0,0,0,47.1527,28.0195,0.288355E-01,0.150401,0.478388,1.78645,0.147960E-05,0.540499E-02
0,140,Prunus',0,9,2,0,0,1,4,126.855,30.1779,0.529113,5.13524,14.1716,26.2130,0.391094E-04,0.726011E-01
0,140,Quercus',4,128,12,8,11,8,4,110.494,29.3571,1.70842,11.5473,40.3503,39.7787,0.114261E-03,0.109464
0,140,Robinia',0,0,0,0,0,0,0,4.56129,3.78939,0.128089E-03,0.300645E-03,0.578869E-03,0.533597E-02,0.313028E-08,0.286889E-04
0,140,Sassafras',0,1,0,0,0,0,0,6.38063,7.33732,0.542749E-03,0.157329E-02,0.222356E-02,0.172341E-01,0.127544E-07,0.966775E-04
0,140,Tilia',0,0,0,0,0,0,0,9.64006,8.24517,0.400413E-03,0.121991E-02,0.164955E-02,0.163881E-01,0.942983E-08,0.907469E-04
0,150,Acer',0,42,44,2,0,1,0,92.9858,30.5699,0.478359,2.15389,7.72697,14.6691,0.240573E-04,0.414810E-01
0,150,Aesculus',0,0,0,0,0,0,0,0.00000,0.00000,0.00000,0.00000,0.00000,0.00000,0.00000,0.00000
0,150,Carya',0,1,0,0,0,0,0,106.942,34.6394,0.440089E-01,0.301847,1.43720,9.84363,0.382732E-05,0.260229E-01
0,150,Cercis',0,0,0,0,0,0,0,7.27196,6.20574,0.440189E-03,0.134211E-02,0.289314E-02,0.200128E-01,0.127660E-07,0.874171E-04
0,150,Comus',0,0,0,0,0,0,0,8.72188,5.14155,0.242398E-03,0.712366E-03,0.140801E-02,0.172200E-01,0.661836E-08,0.796592E-04
0,150,Diospyros',0,0,0,0,0,0,0,14.0113,7.63572,0.621012E-03,0.186828E-02,0.475692E-02,0.582093E-01,0.195107E-07,0.228919E-03
0,150,Fagus',0,13,4,1,0,0,0,52.0781,22.4102,0.775948E-01,0.254774,1.02153,3.53402,0.338709E-05,0.113002E-01
0,150,Fraxinus',1,17,12,0,0,0,0,102.271,29.4923,0.126377,0.824282,2.38604,8.08342,0.712157E-05,0.224984E-01
0,150,Juglans',0,0,0,0,0,0,0,177.541,33.2420,0.644717E-01,0.744747,2.50674,18.7785,0.649863E-05,0.488682E-01
0,150,Juniperus',0,0,0,0,0,0,0,13.0427,10.2948,0.704413E-03,0.198326E-02,0.432518E-02,0.466443E-01,0.197864E-07,0.203229E-03
0,150,Liquidambar',0,0,0,0,0,0,0,12.7788,9.66012,0.263483E-03,0.128253E-02,0.202929E-02,0.286984E-01,0.830251E-08,0.117415E-03
0,150,Liriodendron',0,12,34,3,0,0,3,248.057,34.4163,1.02454,14.1285,34.6345,79.7444,0.917142E-04,0.200023
0,150,Nyssa',0,0,0,0,0,0,0,7.68177,4.85271,0.566420E-03,0.157351E-02,0.223687E-02,0.182845E-01,0.131248E-07,0.106994E-03
0,150,Oxydendron',26,950,2,0,0,0,0,13.7951,11.3736,0.385566,1.16617,2.05249,2.69936,0.101115E-04,0.131075E-01
0,150,Pinus',0,5,0,1,0,0,0,53.0646,29.3225,0.315361E-01,0.160743,0.545160,2.28978,0.166699E-05,0.683900E-02
0,150,Prunus',0,3,5,0,0,1,4,137.631,30.9606,0.504122,4.77185,13.6082,28.0833,0.374977E-04,0.774639E-01
0,150,Quercus',1,59,46,5,9,7,6,123.064,30.4527,1.92228,12.6908,45.7831,45.0497,0.129412E-03,0.123146
0,150,Robinia',0,0,0,0,0,0,0,8.77162,5.90163,0.405590E-03,0.107350E-02,0.232031E-02,0.223956E-01,0.109949E-07,0.104332E-03
0,150,Sassafras',0,1,0,0,0,0,0,9.78782,9.87332,0.621147E-03,0.213775E-02,0.315903E-02,0.330183E-01,0.159618E-07,0.157274E-03
0,150,Tilia',0,0,0,0,0,0,0,16.0607,11.6470,0.635009E-03,0.202592E-02,0.378037E-02,0.534624E-01,0.175421E-07,0.248083E-03
0,160,Acer',3,144,41,4,0,0,0,103.384,31.5365,0.531005,2.27227,8.15131,15.5037,0.257581E-04,0.436982E-01
0,160,Aesculus',0,0,0,0,0,0,0,4.23566,4.14027,0.509893E-04,0.140907E-03,0.150514E-03,0.212860E-02,0.106850E-08,0.151108E-04
0,160,Carya',0,7,1,0,0,0,0,111.395,34.7676,0.406658E-01,0.257669,1.22135,8.92699,0.329952E-05,0.237378E-01
0,160,Cercis',0,2,0,0,0,0,0,4.46810,4.70891,0.452105E-03,0.124172E-02,0.232892E-02,0.111146E-01,0.116837E-07,0.550059E-04
0,160,Comus',0,2,0,0,0,0,0,3.66511,3.24040,0.540754E-03,0.130745E-02,0.249740E-02,0.109025E-01,0.133342E-07,0.582406E-04
0,160,Diospyros',0,3,0,0,0,0,0,6.91952,4.59078,0.152721E-02,0.399081E-02,0.784955E-02,0.353364E-01,0.394285E-07,0.177003E-03
0,160,Fagus',0,16,8,1,0,0,0,58.1756,23.8046,0.950622E-01,0.311740,1.24330,4.42136,0.413136E-05,0.141387E-01
0,160,Fraxinus',0,34,12,0,0,0,0,112.839,30.4858,0.121958,0.708523,2.11660,8.91070,0.645920E-05,0.247893E-01
0,160,Juglans',0,0,0,0,0,0,0,185.653,33.5101,0.238187E-01,0.272615,0.937647,13.2163,0.242655E-05,0.340646E-01
0,160,Juniperus',0,1,0,0,0,0,0,4.03334,4.37937,0.302407E-03,0.707910E-03,0.110043E-02,0.618123E-02,0.681350E-08,0.382057E-04
0,160,Liquidambar',0,0,0,0,0,0,0,15.5810,11.2011,0.423691E-03,0.190669E-02,0.353003E-02,0.499222E-01,0.139438E-07,0.197195E-03
0,160,Liriodendron',1,70,27,8,0,0,2,268.663,34.6968,0.996046,13.1382,31.6439,79.6346,0.846585E-04,0.197318
0,160,Nyssa',0,3,0,0,0,0,0,9.10637,5.42316,0.112631E-02,0.296329E-02,0.447145E-02,0.291257E-01,0.261504E-07,0.165016E-03
0,160,Oxydendron',20,1826,13,0,0,0,0,10.4316,9.98563,0.458210,1.43581,2.40901,2.33534,0.119495E-04,0.112507E-01
0,160,Pinus',1,15,1,0,0,0,0,59.1716,30.4325,0.392457E-01,0.194411,0.680786,2.92795,0.207974E-05,0.870374E-02
0,160,Prunus',0,10,5,0,0,0,3,149.810,31.7089,0.493434,4.95770,14.1182,31.7257,0.384770E-04,0.862050E-01
0,160,Quercus',3,92,61,4,5,7,8,131.801,31.0978,2.16722,14.1035,52.0265,52.6163,0.146813E-03,0.142235
0,160,Robinia',0,0,0,0,0,0,0,11.4297,7.14990,0.498613E-03,0.136731E-02,0.329612E-02,0.380288E-01,0.145025E-07,0.163772E-03
0,160,Sassafras',0,0,0,0,0,0,0,12.8242,11.8062,0.414901E-03,0.192407E-02,0.298027E-02,0.367243E-01,0.125956E-07,0.150034E-03
0,160,Tilia',0,0,0,0,0,0,0,5.44684,5.53257,0.791030E-04,0.233012E-03,0.268872E-03,0.380243E-02,0.173623E-08,0.245539E-04
0,170,Acer',0,44,52,2,0,0,0,113.175,32.2746,0.557883,2.40103,8.83068,17.9017,0.276548E-04,0.503146E-01
0,170,Aesculus',0,0,0,0,0,0,0,0.00000,0.00000,0.00000,0.00000,0.00000,0.00000,0.00000,0.00000
0,170,Carya',0,3,1,0,0,0,0,114.472,34.8456,0.478883E-01,0.300748,1.45318,9.91237,0.391867E-05,0.263328E-01
0,170,Cercis',0,0,0,0,0,0,0,7.38216,6.25666,0.345760E-03,0.103360E-02,0.216446E-02,0.163306E-01,0.978731E-08,0.714175E-04
0,170,Comus',0,0,0,0,0,0,0,6.50878,4.40215,0.448667E-03,0.125060E-02,0.232242E-02,0.148352E-01,0.116197E-07,0.734606E-04
0,170,Diospyros',0,1,0,0,0,0,0,15.3035,8.15737,0.290041E-02,0.871074E-02,0.204762E-01,0.112428,0.872557E-07,0.460711E-03
0,170,Fagus',0,11,9,1,0,0,0,55.1687,23.1365,0.102897,0.338308,1.31638,4.73869,0.440654E-05,0.154195E-01
0,170,Fraxinus',1,12,13,0,0,0,0,123.241,31.3044,0.112639,0.721562,2.15087,10.0704,0.640122E-05,0.278233E-01
0,170,Juglans',0,0,0,0,0,0,0,196.250,33.8140,0.274995E-01,0.314698,1.05536,14.5174,0.274111E-05,0.369981E-01
0,170,Juniperus',0,0,0,0,0,0,0,6.47306,6.10603,0.267627E-03,0.707981E-03,0.117485E-02,0.100741E-01,0.647649E-08,0.547454E-04
0,170,Liquidambar',0,0,0,0,0,0,0,17.3839,12.1437,0.246561E-03,0.237346E-02,0.335536E-02,0.474519E-01,0.110057E-07,0.155644E-03
0,170,Liriodendron',1,15,40,8,3,0,1,287.178,34.8895,1.00509,11.8924,28.3554,75.4079,0.774808E-04,0.186792
0,170,Nyssa',0,1,0,0,0,0,0,8.38247,5.13645,0.800634E-03,0.212137E-02,0.303353E-02,0.174770E-01,0.182668E-07,0.103102E-03
0,170,Oxydendron',22,870,24,0,0,0,0,11.6860,10.5565,0.331239,1.17991,1.94100,2.11373,0.908171E-05,0.101878E-01
0,170,Pinus',0,9,2,0,0,0,0,65.7189,31.4039,0.462074E-01,0.226309,0.790915,3.50433,0.242503E-05,0.103801E-01
0,170,Prunus',0,3,7,1,0,0,3,154.945,31.9867,0.476435,5.18153,14.5389,34.6228,0.391673E-04,0.925738E-01
0,170,Quercus',1,45,72,3,4,6,10,140.735,31.6733,2.41069,15.7580,58.9547,59.1341,0.165714E-03,0.158117
0,170,Robinia',0,0,0,0,0,0,0,13.1560,7.92714,0.351854E-03,0.135938E-02,0.297147E-02,0.420229E-01,0.116684E-07,0.165016E-03
0,170,Sassafras',0,0,0,0,0,0,0,15.7372,13.4115,0.317563E-03,0.214908E-02,0.332470E-02,0.447571E-01,0.119597E-07,0.161374E-03
0,170,Tilia',0,0,0,0,0,0,0,9.45023,8.13146,0.226275E-03,0.701414E-03,0.100949E-02,0.142764E-01,0.550067E-08,0.777913E-04
0,180,Acer',0,12,36,5,1,0,1,122.456,32.8488,0.573080,2.63862,10.2366,21.1900,0.309979E-04,0.592082E-01
0,180,Aesculus',0,0,0,0,0,0,0,0.00000,0.00000,0.00000,0.00000,0.00000,0.00000,0.00000,0.00000
0,180,Carya',0,1,1,0,0,0,0,116.922,34.9021,0.527324E-01,0.339560,1.67404,10.5858,0.447921E-05,0.279948E-01
0,180,Cercis',0,0,0,0,0,0,0,4.83222,4.92702,0.615888E-04,0.183393E-03,0.366454E-03,0.518244E-02,0.170095E-08,0.240550E-04
0,180,Comus',0,0,0,0,0,0,0,9.32953,5.32289,0.475441E-03,0.142266E-02,0.289916E-02,0.278587E-01,0.132868E-07,0.126877E-03
0,180,Diospyros',0,0,0,0,0,0,0,17.2336,8.91846,0.185572E-02,0.586335E-02,0.163025E-01,0.139745,0.629418E-07,0.526725E-03
0,180,Fagus',1,5,10,0,0,0,0,59.8313,24.1571,0.115684,0.393835,1.60147,5.94445,0.522415E-05,0.189154E-01
0,180,Fraxinus',0,3,11,0,0,0,0,101.657,29.4290,0.853816E-01,0.617594,1.70197,7.52553,0.501127E-05,0.207535E-01
0,180,Juglans',0,0,0,0,0,0,0,205.650,34.0456,0.301378E-01,0.359324,1.17761,15.6741,0.305075E-05,0.395274E-01
0,180,Juniperus',0,0,0,0,0,0,0,6.46032,6.09727,0.120153E-03,0.327792E-03,0.570774E-03,0.807197E-02,0.300393E-08,0.424820E-04
0,180,Liquidambar',0,0,0,0,0,0,0,18.4743,12.6961,0.910526E-04,0.268057E-02,0.327583E-02,0.463272E-01,0.859037E-08,0.121486E-03
0,180,Liriodendron',0,3,26,10,2,0,1,303.265,35.0214,0.947918,12.7222,30.0917,82.9268,0.805162E-04,0.203328
0,180,Nyssa',0,0,0,0,0,0,0,10.8525,6.08870,0.913516E-03,0.264071E-02,0.389306E-02,0.246856E-01,0.218018E-07,0.130338E-03
0,180,Oxydendron',10,384,25,0,0,0,0,13.1427,11.1384,0.180611,0.803359,1.24219,1.68270,0.536042E-05,0.766413E-02
0,180,Pinus',0,4,4,0,0,0,0,61.0176,30.8963,0.475086E-01,0.213792,0.770490,3.65872,0.239844E-05,0.110604E-01
0,180,Prunus',0,0,6,1,0,0,3,164.704,32.4605,0.473437,5.40827,15.1808,38.0417,0.405505E-04,0.100545
0,180,Quercus',1,17,67,8,2,4,11,151.791,32.2837,2.57647,17.2853,65.1948,64.7246,0.181967E-03,0.171723
0,180,Robinia',0,0,0,0,0,0,0,18.3298,10.1081,0.556384E-03,0.263879E-02,0.613158E-02,0.867136E-01,0.216352E-07,0.305968E-03
0,180,Sassafras',0,0,0,0,0,0,0,0.00000,0.00000,0.00000,0.00000,0.00000,0.00000,0.00000,0.00000
0,180,Tilia',0,0,0,0,0,0,0,12.8549,10.0518,0.410992E-03,0.129785E-02,0.216695E-02,0.306453E-01,0.107319E-07,0.151772E-03
0,190,Acer',42,255,21,7,0,0,1,131.593,33.3158,0.524510,2.55927,9.82873,22.2371,0.293923E-04,0.614235E-01
0,190,Aesculus',0,0,0,0,0,0,0,3.41239,3.60729,0.784520E-04,0.193189E-03,0.210710E-03,0.167378E-02,0.159761E-08,0.125766E-04
0,190,Carya',0,4,0,0,0,0,0,119.073,34.9480,0.647103E-01,0.402658,2.05081,11.8143,0.548889E-05,0.313316E-01
0,190,Cercis',2,4,0,0,0,0,0,3.04258,3.77694,0.475646E-03,0.118864E-02,0.228561E-02,0.813526E-02,0.119263E-07,0.423958E-04
0,190,Comus',1,4,0,0,0,0,0,11.6571,5.94207,0.943649E-03,0.240649E-02,0.509895E-02,0.346216E-01,0.249154E-07,0.155431E-03
0,190,Diospyros',0,2,0,0,0,0,0,28.6197,12.9971,0.354112E-02,0.116052E-01,0.416166E-01,0.408482,0.143458E-06,0.136440E-02
0,190,Fagus',7,14,9,0,0,0,0,65.5352,25.2922,0.118951,0.429907,1.72820,6.53919,0.555281E-05,0.203527E-01
0,190,Fraxinus',2,36,7,1,0,0,0,112.177,30.4285,0.807464E-01,0.612722,1.69412,8.02482,0.492711E-05,0.219954E-01
0,190,Juglans',0,0,0,0,0,0,0,213.820,34.2217,0.290432E-01,0.399655,1.27447,16.6783,0.325024E-05,0.416024E-01
0,190,Juniperus',0,0,0,0,0,0,0,9.02506,7.80992,0.317253E-03,0.864752E-03,0.161557E-02,0.181914E-01,0.817271E-08,0.873836E-04
0,190,Liquidambar',0,0,0,0,0,0,0,19.9921,13.4432,0.542802E-04,0.316688E-02,0.388405E-02,0.543404E-01,0.941261E-08,0.129129E-03
0,190,Liriodendron',3,73,12,9,3,1,1,317.298,35.1150,0.920652,11.7587,27.9978,78.1394,0.754705E-04,0.192002
0,190,Nyssa',3,5,0,0,0,0,0,8.67185,5.25184,0.111251E-02,0.277226E-02,0.449122E-02,0.219103E-01,0.259956E-07,0.123077E-03
0,190,Oxydendron',88,1508,25,0,0,0,0,14.9207,11.7463,0.236125,0.918153,1.37216,1.29934,0.644839E-05,0.603322E-02
0,190,Pinus',6,20,5,0,0,0,0,64.8858,31.4498,0.514065E-01,0.242059,0.854690,4.11345,0.264185E-05,0.122065E-01
0,190,Prunus',0,4,4,1,0,0,2,173.684,32.8407,0.420045,4.91054,13.8141,37.4927,0.367447E-04,0.985314E-01
0,190,Quercus',17,70,50,16,1,2,12,161.113,32.7232,2.51757,17.8148,66.3991,68.8359,0.183795E-03,0.179900
0,190,Robinia',0,0,0,0,0,0,0,0.896984,1.80691,0.519877E-05,0.631917E-05,0.261610E-04,0.369973E-03,0.132975E-09,0.188055E-05
0,190,Sassafras',0,0,0,0,0,0,0,2.88887,4.26535,0.422726E-04,0.102815E-03,0.137860E-03,0.185412E-02,0.914894E-09,0.122866E-04
0,190,Tilia',0,0,0,0,0,0,0,16.5926,11.8935,0.600359E-03,0.254927E-02,0.344395E-02,0.436332E-01,0.162957E-07,0.193108E-03
0,200,Acer',4,137,40,4,1,0,0,118.950,32.6447,0.513461,2.21491,7.87265,16.3986,0.248864E-04,0.466062E-01
0,200,Aesculus',0,0,0,0,0,0,0,9.59262,7.39768,0.478405E-03,0.142185E-02,0.186920E-02,0.171414E-01,0.110407E-07,0.979064E-04
0,200,Carya',0,5,0,0,0,0,0,120.569,34.9780,0.730779E-01,0.461360,2.35082,12.9055,0.627604E-05,0.341629E-01
0,200,Cercis',0,1,0,0,0,0,0,6.21798,5.69018,0.333730E-03,0.931720E-03,0.181448E-02,0.109021E-01,0.883642E-08,0.504904E-04
0,200,Comus',0,1,0,0,0,0,0,13.4449,6.34591,0.720274E-03,0.208002E-02,0.445105E-02,0.462036E-01,0.202600E-07,0.199393E-03
0,200,Diospyros',0,1,0,0,0,0,0,42.0933,17.0245,0.533201E-02,0.177250E-01,0.787003E-01,1.00505,0.251647E-06,0.307931E-02
0,200,Fagus',0,9,9,0,0,0,0,70.3403,26.1603,0.135177,0.504782,2.06335,7.68214,0.653118E-05,0.236490E-01
0,200,Fraxinus',0,34,7,1,0,0,0,123.259,31.3057,0.917475E-01,0.508772,1.44920,8.28174,0.454120E-05,0.231505E-01
0,200,Juglans',0,0,0,0,0,0,0,220.848,34.3567,0.323291E-01,0.441251,1.41524,17.9552,0.361037E-05,0.448623E-01
0,200,Juniperus',0,0,0,0,0,0,0,5.97972,5.76477,0.210324E-03,0.546283E-03,0.886259E-03,0.775270E-02,0.500748E-08,0.426376E-04
0,200,Liquidambar',0,0,0,0,0,0,0,21.3456,14.0888,0.927417E-04,0.363767E-02,0.466096E-02,0.647538E-01,0.116927E-07,0.157748E-03
0,200,Liriodendron',1,60,29,4,4,1,2,329.028,35.1805,1.02974,12.2506,29.2091,80.0557,0.797328E-04,0.195987
0,200,Nyssa',0,2,0,0,0,0,0,7.75213,4.88148,0.737703E-03,0.186340E-02,0.276635E-02,0.135065E-01,0.167671E-07,0.793820E-04
0,200,Oxydendron',28,1171,24,0,0,0,0,16.4113,12.1816,0.272571,0.973940,1.50428,1.73548,0.726665E-05,0.905726E-02
0,200,Pinus',0,19,4,0,0,0,0,70.4250,31.9862,0.550536E-01,0.261592,0.900224,4.40369,0.279572E-05,0.129543E-01
0,200,Prunus',0,4,4,1,1,0,2,181.787,33.1436,0.434694,5.09130,14.4260,39.1823,0.383154E-04,0.102929
0,200,Quercus',4,61,38,19,2,2,10,169.192,33.0560,2.40421,17.5864,64.6884,71.8170,0.178362E-03,0.186944
0,200,Robinia',0,0,0,0,0,0,0,1.67943,2.24201,0.125027E-04,0.221521E-04,0.536618E-04,0.758892E-03,0.299231E-09,0.423177E-05
0,200,Sassafras',0,0,0,0,0,0,0,6.07962,7.09249,0.205863E-03,0.558143E-03,0.887261E-03,0.121938E-01,0.493520E-08,0.672819E-04
0,200,Tilia',0,0,0,0,0,0,0,5.78653,5.76870,0.311084E-03,0.905613E-03,0.103120E-02,0.958552E-02,0.676978E-08,0.626036E-04
0,210,Acer',17,193,48,4,1,0,0,127.031,33.0937,0.629228,2.69233,9.35583,18.1266,0.298488E-04,0.513020E-01
0,210,Aesculus',0,0,0,0,0,0,0,3.41510,3.60906,0.130044E-04,0.916003E-04,0.629109E-04,0.889694E-03,0.327007E-09,0.462458E-05
0,210,Carya',0,8,2,0,0,0,0,89.1704,32.2650,0.256779E-01,0.151078,0.633667,5.02091,0.177780E-05,0.133333E-01
0,210,Cercis',1,5,0,0,0,0,0,3.61846,4.16900,0.653976E-03,0.169484E-02,0.320253E-02,0.188297E-01,0.165311E-07,0.979233E-04
0,210,Comus',0,2,0,0,0,0,0,5.54911,4.03896,0.465095E-03,0.114402E-02,0.220490E-02,0.103984E-01,0.115951E-07,0.539496E-04
0,210,Diospyros',0,5,0,0,0,0,0,18.2304,9.30324,0.229596E-02,0.640306E-02,0.170367E-01,0.128750,0.709109E-07,0.482938E-03
0,210,Fagus',2,15,7,0,0,0,0,75.0351,26.9374,0.142976,0.568611,2.29799,8.73809,0.716486E-05,0.264646E-01
0,210,Fraxinus',2,33,11,1,0,0,0,132.864,31.9436,0.112710,0.602402,1.83039,10.1584,0.569006E-05,0.283564E-01
0,210,Juglans',0,0,0,0,0,0,0,226.964,34.4630,0.275648E-01,0.442121,1.42647,18.5608,0.356675E-05,0.457395E-01
0,210,Juniperus',0,0,0,0,0,0,0,9.18775,7.91514,0.470463E-03,0.127557E-02,0.225119E-02,0.195839E-01,0.117982E-07,0.950117E-04
0,210,Liquidambar',0,0,0,0,0,0,0,0.00000,0.00000,0.00000,0.00000,0.00000,0.00000,0.00000,0.00000
0,210,Liriodendron',2,57,34,3,2,3,2,338.759,35.2273,0.918072,9.93716,23.1284,67.7259,0.646127E-04,0.166757
0,210,Nyssa',1,5,0,0,0,0,0,10.7059,6.03420,0.146799E-02,0.372382E-02,0.577046E-02,0.303941E-01,0.339558E-07,0.168535E-03
0,210,Oxydendron',56,1390,16,0,0,0,0,17.5146,12.4659,0.308024,1.05590,1.66824,1.95995,0.814137E-05,0.979152E-02
0,210,Pinus',2,23,4,0,0,0,0,75.7609,32.5482,0.417571E-01,0.190205,0.581224,3.24245,0.189477E-05,0.947869E-02
0,210,Prunus',0,1,4,1,0,0,1,188.689,33.3747,0.405464,4.86710,13.7651,40.7503,0.364261E-04,0.106500
0,210,Quercus',7,56,42,20,5,1,10,176.433,33.3209,2.40839,18.1704,66.1384,73.2084,0.181644E-03,0.189916
0,210,Robinia',0,0,0,0,0,0,0,3.08908,3.00960,0.447627E-04,0.939599E-04,0.191926E-03,0.213882E-02,0.107088E-08,0.119530E-04
0,210,Sassafras',0,0,0,0,0,0,0,7.83798,8.47345,0.183569E-03,0.622333E-03,0.928780E-03,0.106495E-01,0.470654E-08,0.506416E-04
0,210,Tilia',0,0,0,0,0,0,0,8.10881,7.30417,0.271826E-03,0.786175E-03,0.972535E-03,0.102235E-01,0.607428E-08,0.601738E-04
0,220,Acer',0,46,57,11,1,0,0,134.809,33.4602,0.767380,3.33017,12.1914,22.5745,0.381388E-04,0.642251E-01
0,220,Aesculus',0,0,0,0,0,0,0,0.00000,0.00000,0.00000,0.00000,0.00000,0.00000,0.00000,0.00000
0,220,Carya',0,4,4,0,0,0,0,93.5239,32.6206,0.405677E-01,0.208403,0.918296,5.92412,0.262465E-05,0.160157E-01
0,220,Cercis',0,0,0,0,0,0,0,4.52659,4.74446,0.135859E-03,0.376153E-03,0.715175E-03,0.523114E-02,0.354504E-08,0.252064E-04
0,220,Comus',0,0,0,0,0,0,0,7.62805,4.79228,0.327030E-03,0.934249E-03,0.177957E-02,0.164863E-01,0.866238E-08,0.795020E-04
0,220,Diospyros',0,1,0,0,0,0,0,29.9124,13.4187,0.480570E-02,0.156315E-01,0.558551E-01,0.502437,0.193303E-06,0.165996E-02
0,220,Fagus',0,8,7,2,0,0,0,79.4347,27.6073,0.163371,0.663848,2.76763,10.7179,0.850212E-05,0.321018E-01
0,220,Fraxinus',0,14,12,0,0,0,0,141.970,32.4597,0.120851,0.671554,2.13942,12.3024,0.649398E-05,0.342477E-01
0,220,Juglans',0,0,0,0,0,0,0,231.755,34.5396,0.305167E-01,0.478935,1.55300,19.5033,0.389042E-05,0.481342E-01
0,220,Juniperus',0,0,0,0,0,0,0,11.7645,9.52937,0.752435E-03,0.240410E-02,0.422132E-02,0.325508E-01,0.202492E-07,0.147000E-03
0,220,Liquidambar',0,0,0,0,0,0,0,0.00000,0.00000,0.00000,0.00000,0.00000,0.00000,0.00000,0.00000
0,220,Liriodendron',0,13,37,8,0,1,3,346.227,35.2593,0.903981,10.4493,24.1213,72.8681,0.666162E-04,0.178135
0,220,Nyssa',0,1,0,0,0,0,0,6.46774,4.34620,0.676808E-03,0.174465E-02,0.247987E-02,0.146807E-01,0.152538E-07,0.893941E-04
0,220,Oxydendron',33,659,13,0,0,0,0,18.8693,12.7759,0.223366,0.869192,1.35917,1.71475,0.623586E-05,0.816462E-02
0,220,Pinus',0,12,5,0,0,0,0,80.7683,32.9949,0.458422E-01,0.215928,0.671604,3.68607,0.215462E-05,0.107611E-01
0,220,Prunus',0,1,3,1,0,0,1,194.512,33.5524,0.393409,4.82975,13.7259,42.2930,0.361653E-04,0.109751
0,220,Quercus',1,26,41,15,8,1,9,182.985,33.5363,2.47300,19.4136,70.5196,77.1292,0.192311E-03,0.199293
0,220,Robinia',0,0,0,0,0,0,0,4.19370,3.59674,0.573282E-04,0.138129E-03,0.260092E-03,0.367825E-02,0.140325E-08,0.198450E-04
0,220,Sassafras',0,0,0,0,0,0,0,10.2887,10.2121,0.228081E-03,0.970302E-03,0.148654E-02,0.183624E-01,0.658678E-08,0.779982E-04
0,220,Tilia',0,0,0,0,0,0,0,10.2733,8.61863,0.530518E-03,0.163090E-02,0.226245E-02,0.226741E-01,0.126648E-07,0.126431E-03
0,230,Acer',0,375,39,10,2,0,0,143.697,33.8127,0.736251,3.12967,11.4715,20.1781,0.360909E-04,0.589393E-01
0,230,Aesculus',0,1,0,0,0,0,0,2.50000,3.00605,0.161752E-03,0.364415E-03,0.428738E-03,0.216894E-02,0.328126E-08,0.166222E-04
0,230,Carya',0,5,3,0,0,0,0,97.3502,32.9013,0.612624E-01,0.301737,1.45967,8.67925,0.412563E-05,0.238009E-01
0,230,Cercis',0,8,0,0,0,0,0,3.45107,4.05729,0.856583E-03,0.213608E-02,0.413223E-02,0.195978E-01,0.215137E-07,0.102208E-03
0,230,Comus',0,5,0,0,0,0,0,2.50000,2.68348,0.517170E-03,0.103560E-02,0.249269E-02,0.235443E-01,0.129843E-07,0.122311E-03
0,230,Diospyros',0,6,0,0,0,0,0,12.6131,7.06007,0.160079E-02,0.418046E-02,0.100636E-01,0.793193E-01,0.454077E-07,0.331332E-03
0,230,Fagus',0,34,7,2,0,0,0,84.6693,28.3368,0.187607,0.788186,3.31553,12.7082,0.100686E-04,0.378451E-01
0,230,Fraxinus',0,42,11,0,0,0,0,71.2890,25.3103,0.773954E-01,0.480308,1.18883,5.24442,0.375600E-05,0.151224E-01
0,230,Juglans',0,0,0,0,0,0,0,235.931,34.6020,0.314233E-01,0.520488,1.68039,20.0883,0.418657E-05,0.491541E-01
0,230,Juniperus',0,2,0,0,0,0,0,13.7535,10.7107,0.115808E-02,0.355804E-02,0.688200E-02,0.531079E-01,0.320211E-07,0.229072E-03
0,230,Liquidambar',0,0,0,0,0,0,0,0.00000,0.00000,0.00000,0.00000,0.00000,0.00000,0.00000,0.00000
0,230,Liriodendron',0,87,20,13,1,0,3,352.047,35.2820,0.939792,9.99027,23.2882,68.1326,0.652803E-04,0.168355
0,230,Nyssa',0,8,0,0,0,0,0,7.26476,4.68088,0.146959E-02,0.343996E-02,0.556374E-02,0.223094E-01,0.335195E-07,0.132628E-03
0,230,Oxydendron',4,1857,19,0,0,0,0,17.8160,12.5384,0.284168,1.01097,1.56935,1.49960,0.757820E-05,0.706478E-02
0,230,Pinus',0,43,6,0,0,0,0,85.8116,33.3778,0.567351E-01,0.267252,0.853497,4.42666,0.271617E-05,0.128141E-01
0,230,Prunus',0,4,2,1,0,0,1,199.791,33.7010,0.344835,4.16146,11.8491,40.8613,0.312954E-04,0.105664
0,230,Quercus',0,98,38,12,10,3,8,188.838,33.7111,2.42114,19.2727,69.3542,79.6606,0.188974E-03,0.205547
0,230,Robinia',0,0,0,0,0,0,0,6.51837,4.79246,0.182964E-03,0.443833E-03,0.911392E-03,0.977167E-02,0.465918E-08,0.485460E-04
0,230,Sassafras',0,0,0,0,0,0,0,5.73294,6.80606,0.122428E-03,0.323854E-03,0.516914E-03,0.614341E-02,0.291111E-08,0.333460E-04
0,230,Tilia',0,1,0,0,0,0,0,11.7138,9.43555,0.495625E-03,0.143792E-02,0.211865E-02,0.245725E-01,0.118429E-07,0.127039E-03
0,240,Acer',9,193,47,6,3,0,0,152.940,34.1166,0.803564,3.40982,12.6778,23.0086,0.397406E-04,0.657901E-01
0,240,Aesculus',0,0,0,0,0,0,0,3.32741,3.55177,0.633003E-04,0.201316E-03,0.192493E-03,0.166364E-02,0.133901E-08,0.121254E-04
0,240,Carya',0,5,2,1,0,0,0,100.540,33.1747,0.621881E-01,0.333834,1.54239,8.35426,0.432277E-05,0.228357E-01
0,240,Cercis',0,1,0,0,0,0,0,4.22067,4.55624,0.305520E-03,0.825403E-03,0.155176E-02,0.839273E-02,0.784649E-08,0.420729E-04
0,240,Comus',0,1,0,0,0,0,0,3.04333,2.94959,0.129317E-03,0.283177E-03,0.606834E-03,0.573111E-02,0.321011E-08,0.301884E-04
0,240,Diospyros',0,2,0,0,0,0,0,18.7211,9.49057,0.146571E-02,0.453180E-02,0.119576E-01,0.122783,0.476723E-07,0.449529E-03
0,240,Fagus',1,10,6,3,0,0,0,87.8736,28.7499,0.179642,0.793158,3.22353,11.1719,0.974945E-05,0.332113E-01
0,240,Fraxinus',0,30,8,0,0,0,0,79.5389,26.6459,0.735817E-01,0.471995,1.19224,4.99925,0.370867E-05,0.138541E-01
0,240,Juglans',0,0,0,0,0,0,0,239.005,34.6455,0.354421E-01,0.562329,1.83737,21.0125,0.459325E-05,0.516118E-01
0,240,Juniperus',0,0,0,0,0,0,0,15.1332,11.4984,0.115922E-02,0.425135E-02,0.851691E-02,0.724239E-01,0.356708E-07,0.297673E-03
0,240,Liquidambar',0,0,0,0,0,0,0,2.08512,2.82868,0.158651E-04,0.341468E-04,0.496796E-04,0.702576E-03,0.338786E-09,0.479116E-05
0,240,Liriodendron',2,78,24,11,4,1,2,356.559,35.2985,0.926166,10.7377,24.4928,72.5459,0.677610E-04,0.176863
0,240,Nyssa',0,2,0,0,0,0,0,8.48113,5.17591,0.136352E-02,0.375074E-02,0.556651E-02,0.319027E-01,0.319986E-07,0.179378E-03
0,240,Oxydendron',81,1278,21,0,0,0,0,18.3111,12.6530,0.272403,0.986508,1.51053,1.72583,0.727812E-05,0.883984E-02
0,240,Pinus',3,22,6,0,0,0,0,90.5974,33.6880,0.531564E-01,0.278252,0.871842,4.81335,0.270524E-05,0.137120E-01
0,240,Prunus',0,4,1,1,0,0,1,204.009,33.8117,0.316469,3.73152,10.7030,37.9449,0.283403E-04,0.978895E-01
0,240,Quercus',4,56,33,12,9,5,7,188.402,33.7655,2.49677,20.3022,72.7560,83.7417,0.197623E-03,0.215053
0,240,Robinia',0,0,0,0,0,0,0,5.79020,4.42364,0.166065E-03,0.417849E-03,0.810473E-03,0.839718E-02,0.419165E-08,0.431643E-04
0,240,Sassafras',0,0,0,0,0,0,0,6.66945,7.56890,0.365568E-04,0.349357E-03,0.334110E-03,0.472503E-02,0.126872E-08,0.179424E-04
0,240,Tilia',0,0,0,0,0,0,0,12.7314,9.98637,0.345602E-03,0.155602E-02,0.178503E-02,0.211731E-01,0.894187E-08,0.977981E-04
0,250,Acer',0,54,63,4,2,1,0,160.799,34.3329,0.816214,3.51100,13.0353,23.6577,0.407171E-04,0.669457E-01
0,250,Aesculus',0,0,0,0,0,0,0,0.00000,0.00000,0.00000,0.00000,0.00000,0.00000,0.00000,0.00000
0,250,Carya',0,2,3,1,0,0,0,89.3411,33.8928,0.729451E-01,0.335595,1.70142,9.27727,0.483101E-05,0.258773E-01
0,250,Cercis',0,0,0,0,0,0,0,7.36933,6.25076,0.137448E-03,0.426526E-03,0.967757E-03,0.136861E-01,0.412921E-08,0.583959E-04
0,250,Comus',0,0,0,0,0,0,0,5.06966,3.84690,0.135463E-03,0.362706E-03,0.663441E-03,0.665570E-02,0.342437E-08,0.342791E-04
0,250,Diospyros',0,0,0,0,0,0,0,5.93887,4.14437,0.241201E-03,0.774837E-03,0.135776E-02,0.954883E-02,0.648946E-08,0.455063E-04
0,250,Fagus',0,7,5,2,0,0,0,92.7167,29.3299,0.209305,0.931902,3.89623,13.6317,0.116713E-04,0.404718E-01
0,250,Fraxinus',0,13,7,1,0,0,0,89.7890,28.0655,0.551204E-01,0.394960,0.944210,5.31386,0.289173E-05,0.140980E-01
0,250,Juglans',0,0,0,0,0,0,0,241.675,34.6817,0.365576E-01,0.610175,1.99112,21.7670,0.495097E-05,0.531966E-01
0,250,Juniperus',0,0,0,0,0,0,0,16.1876,12.0836,0.615732E-03,0.261982E-02,0.499555E-02,0.597180E-01,0.199951E-07,0.233275E-03
0,250,Liquidambar',0,0,0,0,0,0,0,0.00000,0.00000,0.00000,0.00000,0.00000,0.00000,0.00000,0.00000
0,250,Liriodendron',1,20,37,5,5,2,2,359.496,35.3086,0.917495,9.50127,21.7041,64.0901,0.614391E-04,0.158184
0,250,Nyssa',0,1,0,0,0,0,0,9.42022,5.54547,0.101957E-02,0.288020E-02,0.423966E-02,0.284326E-01,0.240988E-07,0.157604E-03
0,250,Oxydendron',20,603,20,0,0,0,0,20.1473,13.0336,0.199931,0.784220,1.21550,1.71401,0.557923E-05,0.840491E-02
0,250,Pinus',0,13,6,0,0,0,0,95.2185,33.9456,0.592827E-01,0.324498,1.03241,5.50264,0.315056E-05,0.155771E-01
0,250,Prunus',0,1,1,1,0,0,1,207.493,33.8982,0.315294,3.74761,10.6903,38.0925,0.282951E-04,0.979125E-01
0,250,Quercus',1,28,33,15,7,6,8,193.420,33.9278,2.50410,21.1626,75.4846,87.9306,0.203791E-03,0.224638
0,250,Robinia',0,0,0,0,0,0,0,10.5311,6.73501,0.213744E-03,0.871043E-03,0.165125E-02,0.233522E-01,0.674641E-08,0.954086E-04
0,250,Sassafras',0,0,0,0,0,0,0,7.30074,8.06394,0.125328E-04,0.418624E-03,0.348595E-03,0.492988E-02,0.955072E-09,0.135068E-04
0,250,Tilia',0,0,0,0,0,0,0,13.4672,10.3716,0.105001E-03,0.170896E-02,0.134757E-02,0.150193E-01,0.450614E-08,0.450163E-04
0,260,Acer',38,307,38,10,1,0,0,161.940,34.3615,0.780189,3.32322,12.5501,21.4228,0.391204E-04,0.610464E-01
0,260,Aesculus',0,0,0,0,0,0,0,3.66726,3.77325,0.835741E-04,0.211519E-03,0.229421E-03,0.191873E-02,0.171292E-08,0.142660E-04
0,260,Carya',0,5,2,0,0,0,0,97.7940,34.3067,0.861365E-01,0.399278,2.14353,11.3465,0.600339E-05,0.313367E-01
0,260,Cercis',1,3,0,0,0,0,0,9.78104,7.24055,0.657042E-03,0.185094E-02,0.395671E-02,0.280180E-01,0.182512E-07,0.116858E-03
0,260,Comus',1,1,0,0,0,0,0,3.33960,3.08995,0.257408E-03,0.580506E-03,0.119428E-02,0.712435E-02,0.635948E-08,0.379373E-04
0,260,Diospyros',0,4,0,0,0,0,0,8.23215,5.17840,0.831717E-03,0.212360E-02,0.439306E-02,0.195779E-01,0.217354E-07,0.938968E-04
0,260,Fagus',11,26,5,2,1,0,0,87.6218,28.7183,0.221360,0.995148,4.17126,14.8565,0.124561E-04,0.442716E-01
0,260,Fraxinus',2,35,7,1,0,0,0,100.298,29.2864,0.543360E-01,0.367657,0.884864,4.21905,0.274856E-05,0.114524E-01
0,260,Juglans',0,0,0,0,0,0,0,243.876,34.7104,0.430174E-01,0.660634,2.20420,23.1763,0.551748E-05,0.571634E-01
0,260,Juniperus',1,2,0,0,0,0,0,12.2336,9.81297,0.538018E-03,0.186628E-02,0.318517E-02,0.323151E-01,0.148495E-07,0.138503E-03
0,260,Liquidambar',0,0,0,0,0,0,0,2.51580,3.13582,0.274787E-04,0.588971E-04,0.883091E-04,0.102084E-02,0.591814E-09,0.685578E-05
0,260,Liriodendron',6,104,22,8,2,2,3,362.244,35.3177,0.907302,9.33347,21.5168,59.6777,0.608763E-04,0.149467
0,260,Nyssa',1,6,0,0,0,0,0,10.5268,5.96731,0.237213E-02,0.625938E-02,0.977602E-02,0.439387E-01,0.558726E-07,0.240080E-03
0,260,Oxydendron',105,1680,16,0,0,0,0,15.8593,12.0277,0.270909,0.976092,1.46461,1.62561,0.715457E-05,0.810680E-02
0,260,Pinus',11,41,8,0,0,0,0,99.3293,34.1447,0.778736E-01,0.409184,1.31012,6.40283,0.403621E-05,0.183547E-01
0,260,Prunus',0,2,2,0,0,0,1,210.539,33.9702,0.306154,3.85754,11.0863,40.3540,0.290434E-04,0.103473
0,260,Quercus',13,63,30,16,6,5,9,197.668,34.0674,2.42897,20.7455,74.0557,88.3945,0.199535E-03,0.225941
0,260,Robinia',0,0,0,0,0,0,0,1.83308,2.32669,0.143074E-04,0.263907E-04,0.607388E-04,0.858976E-03,0.340938E-09,0.482160E-05
0,260,Sassafras',0,0,0,0,0,0,0,3.77042,5.09064,0.861466E-04,0.214002E-03,0.293901E-03,0.373953E-02,0.189324E-08,0.238128E-04
0,260,Tilia',0,0,0,0,0,0,0,9.31757,8.05150,0.360855E-03,0.105404E-02,0.137172E-02,0.140183E-01,0.824298E-08,0.776729E-04
0,270,Acer',2,72,56,9,1,0,0,110.892,32.2253,0.735968,3.09240,11.2410,17.7611,0.355747E-04,0.526528E-01
0,270,Aesculus',0,0,0,0,0,0,0,7.75142,6.31808,0.161988E-03,0.480500E-03,0.611675E-03,0.845277E-02,0.369118E-08,0.507371E-04
0,270,Carya',0,2,2,1,0,0,0,104.964,34.5759,0.906061E-01,0.423798,2.35967,13.2346,0.654805E-05,0.362532E-01
0,270,Cercis',0,0,0,0,0,0,0,6.95361,6.05552,0.243927E-03,0.721970E-03,0.149047E-02,0.130773E-01,0.682361E-08,0.577835E-04
0,270,Comus',0,0,0,0,0,0,0,0.00000,0.00000,0.00000,0.00000,0.00000,0.00000,0.00000,0.00000
0,270,Diospyros',0,0,0,0,0,0,0,10.1000,5.99538,0.101571E-02,0.302181E-02,0.634631E-02,0.515865E-01,0.287246E-07,0.224108E-03
0,270,Fagus',0,11,4,2,1,0,0,92.6509,29.3224,0.224987,1.05865,4.50041,15.8452,0.132397E-04,0.462232E-01
0,270,Fraxinus',0,14,8,0,0,0,0,110.999,30.3253,0.556845E-01,0.357731,0.910917,5.15309,0.282587E-05,0.137564E-01
0,270,Juglans',0,0,0,0,0,0,0,245.723,34.7337,0.463667E-01,0.708966,2.37513,24.4617,0.594553E-05,0.605690E-01
0,270,Juniperus',0,0,0,0,0,0,0,15.2365,11.5564,0.839095E-03,0.269061E-02,0.560376E-02,0.594179E-01,0.245731E-07,0.243946E-03
0,270,Liquidambar',0,0,0,0,0,0,0,3.08881,3.54001,0.312820E-04,0.749330E-04,0.104238E-03,0.147415E-02,0.681961E-09,0.964439E-05
0,270,Liriodendron',2,31,35,6,2,1,3,364.288,35.3243,0.948185,10.0911,23.4458,65.5762,0.657514E-04,0.163082
0,270,Nyssa',0,3,0,0,0,0,0,11.8599,6.45654,0.213458E-02,0.590898E-02,0.880756E-02,0.414346E-01,0.503009E-07,0.224165E-03
0,270,Oxydendron',17,748,15,0,0,0,0,17.9535,12.5708,0.210331,0.797192,1.23680,1.78292,0.577626E-05,0.877281E-02
0,270,Pinus',1,16,9,0,0,0,0,96.3300,34.0020,0.849896E-01,0.398283,1.31059,6.53895,0.414006E-05,0.195824E-01
0,270,Prunus',0,1,2,0,0,0,1,212.858,34.0230,0.301441,3.82280,10.9625,41.3212,0.287004E-04,0.106009
0,270,Quercus',1,30,26,14,7,4,10,201.457,34.1793,2.48799,21.7475,77.1802,91.6886,0.207327E-03,0.233508
0,270,Robinia',0,0,0,0,0,0,0,4.48748,3.75081,0.646915E-04,0.158159E-03,0.299123E-03,0.423024E-02,0.159599E-08,0.225707E-04
0,270,Sassafras',0,0,0,0,0,0,0,5.10825,6.27761,0.137217E-03,0.374240E-03,0.577760E-03,0.817076E-02,0.325923E-08,0.460925E-04
0,270,Tilia',0,0,0,0,0,0,0,12.5759,9.90355,0.635649E-03,0.222182E-02,0.299022E-02,0.271789E-01,0.157955E-07,0.137004E-03
0,280,Acer',10,188,51,5,3,0,0,121.546,32.8934,0.800462,3.24487,11.7835,20.1020,0.377087E-04,0.600360E-01
0,280,Aesculus',0,0,0,0,0,0,0,4.17400,4.10066,0.654964E-04,0.173905E-03,0.186978E-03,0.214046E-02,0.135836E-08,0.153494E-04
0,280,Carya',0,4,2,0,0,0,0,80.5386,33.3154,0.771369E-01,0.413986,2.04259,11.3912,0.564951E-05,0.309702E-01
0,280,Cercis',0,1,0,0,0,0,0,4.04772,4.44733,0.282467E-03,0.759194E-03,0.142741E-02,0.743092E-02,0.723829E-08,0.373449E-04
0,280,Comus',0,0,0,0,0,0,0,5.68555,4.09229,0.222936E-03,0.575259E-03,0.108298E-02,0.812681E-02,0.561591E-08,0.414088E-04
0,280,Diospyros',0,5,0,0,0,0,0,21.3211,10.4612,0.479838E-02,0.142158E-01,0.393911E-01,0.346098,0.156611E-06,0.124670E-02
0,280,Fagus',1,26,5,2,1,0,0,97.2742,29.8304,0.260643,1.23171,5.31499,18.7794,0.155632E-04,0.546489E-01
0,280,Fraxinus',1,20,7,0,0,0,0,120.589,31.1092,0.544197E-01,0.381687,0.976380,6.06642,0.295313E-05,0.158770E-01
0,280,Juglans',0,0,0,0,0,0,0,247.085,34.7505,0.456297E-01,0.754799,2.49273,25.4152,0.619626E-05,0.627163E-01
0,280,Juniperus',0,0,0,0,0,0,0,3.40033,3.91506,0.975867E-04,0.225118E-03,0.346588E-03,0.248744E-02,0.217978E-08,0.154582E-04
0,280,Liquidambar',0,0,0,0,0,0,0,4.14108,4.26918,0.786446E-05,0.134685E-03,0.105904E-03,0.149771E-02,0.348556E-09,0.492933E-05
0,280,Liriodendron',2,79,34,4,2,1,4,365.823,35.3291,1.03383,11.2959,26.5192,71.8903,0.738142E-04,0.178802
0,280,Nyssa',0,6,0,0,0,0,0,14.4953,7.36598,0.329789E-02,0.908409E-02,0.141195E-01,0.722153E-01,0.788517E-07,0.381155E-03
0,280,Oxydendron',73,1073,16,0,0,0,0,19.5000,12.9071,0.235559,0.883687,1.34384,1.69879,0.637732E-05,0.824035E-02
0,280,Pinus',2,36,7,1,0,0,0,58.7683,30.5407,0.786644E-01,0.372006,1.06059,4.99389,0.349313E-05,0.158412E-01
0,280,Prunus',0,1,1,0,0,0,1,214.859,34.0671,0.326488,4.19629,12.0014,43.5554,0.313696E-04,0.111767
0,280,Quercus',4,37,28,12,8,3,10,204.704,34.2466,2.44189,21.4289,76.4429,87.8626,0.205025E-03,0.223897
0,280,Robinia',0,0,0,0,0,0,0,3.68868,3.32985,0.457098E-04,0.106864E-03,0.201128E-03,0.284438E-02,0.110497E-08,0.156266E-04
0,280,Sassafras',0,0,0,0,0,0,0,6.12605,7.13049,0.274118E-04,0.294748E-03,0.265516E-03,0.375497E-02,0.984644E-09,0.139250E-04
0,280,Tilia',0,0,0,0,0,0,0,16.9225,12.0438,0.108175E-02,0.381391E-02,0.633047E-02,0.638906E-01,0.296401E-07,0.296035E-03
0,290,Acer',6,124,61,10,2,1,0,121.403,32.7891,0.871816,3.67621,13.3387,20.1296,0.421918E-04,0.599164E-01
0,290,Aesculus',0,0,0,0,0,0,0,13.4102,9.51082,0.502807E-03,0.154978E-02,0.247276E-02,0.329372E-01,0.127332E-07,0.164906E-03
0,290,Carya',0,3,3,0,0,0,0,89.2993,33.8904,0.838867E-01,0.499304,2.37829,13.0921,0.649269E-05,0.351367E-01
0,290,Cercis',0,1,0,0,0,0,0,4.77777,4.89490,0.307919E-03,0.865707E-03,0.165567E-02,0.157446E-01,0.811192E-08,0.754125E-04
0,290,Comus',0,2,0,0,0,0,0,8.99610,5.22447,0.748154E-03,0.193916E-02,0.380554E-02,0.275213E-01,0.192269E-07,0.137529E-03
0,290,Diospyros',0,2,0,0,0,0,0,32.9701,14.3850,0.587361E-02,0.186159E-01,0.621261E-01,0.646300,0.222612E-06,0.216580E-02
0,290,Fagus',1,24,6,2,1,0,0,102.465,30.3517,0.273686,1.32303,5.65138,20.8682,0.164985E-04,0.600168E-01
0,290,Fraxinus',1,15,6,1,0,0,0,132.025,31.8919,0.561270E-01,0.440020,1.15158,7.52660,0.336705E-05,0.195876E-01
0,290,Juglans',0,0,0,0,0,0,0,248.111,34.7630,0.467230E-01,0.797273,2.62359,26.5073,0.650281E-05,0.653825E-01
0,290,Juniperus',0,0,0,0,0,0,0,3.76342,4.18222,0.440264E-04,0.111239E-03,0.168984E-03,0.238979E-02,0.101146E-08,0.143041E-04
0,290,Liquidambar',0,0,0,0,0,0,0,0.00000,0.00000,0.00000,0.00000,0.00000,0.00000,0.00000,0.00000
0,290,Liriodendron',2,59,42,8,1,1,3,366.970,35.3327,1.01525,10.3092,23.9276,62.2171,0.677874E-04,0.156133
0,290,Nyssa',0,6,0,0,0,0,0,17.4656,8.30540,0.438064E-02,0.124639E-01,0.201066E-01,0.115702,0.107743E-06,0.586697E-03
0,290,Oxydendron',30,833,11,0,0,0,0,17.9814,12.5773,0.197169,0.791552,1.16724,1.45298,0.543222E-05,0.698892E-02
0,290,Pinus',2,33,7,1,0,0,0,64.1227,31.1891,0.866061E-01,0.421386,1.21501,5.37792,0.395101E-05,0.166092E-01
0,290,Prunus',0,2,0,1,0,0,1,214.956,34.0692,0.327810,4.21608,12.0313,43.2492,0.314552E-04,0.110874
0,290,Quercus',3,36,27,10,9,3,10,207.466,34.3304,2.38375,22.1554,78.0512,93.2682,0.207763E-03,0.235910
0,290,Robinia',0,0,0,0,0,0,0,0.00000,0.00000,0.00000,0.00000,0.00000,0.00000,0.00000,0.00000
0,290,Sassafras',0,0,0,0,0,0,0,4.10444,5.39423,0.494844E-04,0.132311E-03,0.191926E-03,0.271425E-02,0.113886E-08,0.161059E-04
0,290,Tilia',0,0,0,0,0,0,0,17.8953,12.4764,0.786320E-03,0.290643E-02,0.473823E-02,0.607846E-01,0.218489E-07,0.270323E-03
0,300,Acer',57,351,55,7,2,1,0,129.468,33.2149,0.902735,3.81835,13.6722,21.4473,0.433781E-04,0.631590E-01
0,300,Aesculus',0,0,0,0,0,0,0,23.5212,14.3725,0.143512E-02,0.461301E-02,0.101363E-01,0.139469,0.431844E-07,0.584063E-03
0,300,Carya',0,7,2,0,0,0,0,97.2261,34.2824,0.767207E-01,0.505500,2.25462,12.3365,0.611471E-05,0.326700E-01
0,300,Cercis',6,12,0,0,0,0,0,7.68602,6.39430,0.163868E-02,0.433213E-02,0.850458E-02,0.383890E-01,0.424888E-07,0.185403E-03
0,300,Comus',2,4,0,0,0,0,0,4.99966,3.81825,0.861744E-03,0.207136E-02,0.412401E-02,0.236447E-01,0.215698E-07,0.122969E-03
0,300,Diospyros',2,6,0,0,0,0,0,24.5242,11.6075,0.448706E-02,0.133310E-01,0.399880E-01,0.296691,0.153456E-06,0.103537E-02
0,300,Fagus',12,34,11,2,1,1,0,107.660,30.8259,0.311980,1.50747,6.44976,23.2788,0.188239E-04,0.665223E-01
0,300,Fraxinus',3,35,5,0,0,0,0,142.868,32.5064,0.466326E-01,0.371535,0.981526,8.49090,0.285247E-05,0.220926E-01
0,300,Juglans',0,0,0,0,0,0,0,248.862,34.7720,0.195009E-01,0.486414,1.53177,21.6625,0.368466E-05,0.521089E-01
0,300,Juniperus',1,2,0,0,0,0,0,5.67031,5.54873,0.391336E-03,0.109443E-02,0.158895E-02,0.742553E-02,0.918364E-08,0.414185E-04
0,300,Liquidambar',0,0,0,0,0,0,0,0.00000,0.00000,0.00000,0.00000,0.00000,0.00000,0.00000,0.00000
0,300,Liriodendron',9,124,40,8,2,1,3,272.144,34.7369,1.01801,9.21527,21.0780,47.9302,0.614949E-04,0.125819
0,300,Nyssa',5,12,0,0,0,0,0,19.4520,8.88686,0.601090E-02,0.167096E-01,0.279888E-01,0.137405,0.148728E-06,0.665365E-03
0,300,Oxydendron',112,1684,11,0,0,0,0,19.7545,12.9578,0.273163,0.991930,1.45762,1.48346,0.717148E-05,0.755810E-02
0,300,Pinus',25,68,10,1,0,0,0,70.5198,31.9970,0.104979,0.485822,1.45600,5.98557,0.475192E-05,0.183645E-01
0,300,Prunus',0,2,1,0,0,0,1,216.207,34.0961,0.308521,3.76794,10.8352,40.4859,0.285195E-04,0.104276
0,300,Quercus',18,72,28,10,7,5,10,209.834,34.3979,2.41090,23.1444,81.2523,95.5586,0.215267E-03,0.240552
0,300,Robinia',0,0,0,0,0,0,0,0.00000,0.00000,0.00000,0.00000,0.00000,0.00000,0.00000,0.00000
0,300,Sassafras',0,0,0,0,0,0,0,2.38266,3.77527,0.320527E-04,0.774152E-04,0.100353E-03,0.101290E-02,0.684423E-09,0.689568E-05
0,300,Tilia',0,1,0,0,0,0,0,22.3855,14.2791,0.129868E-02,0.512178E-02,0.807217E-02,0.956249E-01,0.366334E-07,0.397238E-03
0,310,Acer',37,250,65,11,2,1,0,138.013,33.5948,0.963300,4.10401,14.9493,24.1397,0.470878E-04,0.707501E-01
0,310,Aesculus',0,0,0,0,0,0,0,2.63412,3.09514,0.433235E-04,0.962790E-04,0.115280E-03,0.962233E-03,0.879843E-09,0.738458E-05
0,310,Carya',0,6,2,1,0,0,0,104.464,34.5592,0.714282E-01,0.472233,2.09864,10.8575,0.569188E-05,0.289126E-01
0,310,Cercis',1,7,0,0,0,0,0,5.00008,5.02501,0.141645E-02,0.385313E-02,0.731447E-02,0.363231E-01,0.366450E-07,0.179355E-03
0,310,Comus',2,5,0,0,0,0,0,9.19448,5.28334,0.129133E-02,0.331160E-02,0.671547E-02,0.484895E-01,0.335127E-07,0.230792E-03
0,310,Diospyros',0,5,0,0,0,0,0,31.3437,13.8764,0.488525E-02,0.147216E-01,0.488237E-01,0.474370,0.178823E-06,0.155155E-02
0,310,Fagus',8,24,14,1,1,1,0,112.608,31.2373,0.327300,1.59421,6.76814,24.6278,0.197520E-04,0.703346E-01
0,310,Fraxinus',3,24,6,0,0,0,0,152.997,32.9869,0.513953E-01,0.416814,1.14375,10.0508,0.328154E-05,0.262911E-01
0,310,Juglans',0,0,0,0,0,0,0,249.456,34.7790,0.164186E-01,0.488741,1.51607,21.4405,0.360540E-05,0.509880E-01
0,310,Juniperus',1,1,0,0,0,0,0,7.01135,6.47393,0.417916E-03,0.110663E-02,0.178402E-02,0.115559E-01,0.100011E-07,0.618261E-04
0,310,Liquidambar',0,0,0,0,0,0,0,0.00000,0.00000,0.00000,0.00000,0.00000,0.00000,0.00000,0.00000
0,310,Liriodendron',8,100,45,9,3,1,3,290.239,34.9169,0.971894,9.62580,21.5198,51.1491,0.618126E-04,0.132371
0,310,Nyssa',4,10,0,0,0,0,0,13.0500,6.87649,0.371272E-02,0.113565E-01,0.162920E-01,0.852520E-01,0.896512E-07,0.419562E-03
0,310,Oxydendron',78,1372,10,0,0,0,0,21.5398,13.2805,0.251373,0.919767,1.36502,1.65505,0.665203E-05,0.842667E-02
0,310,Pinus',18,54,13,1,0,0,0,76.6236,32.6304,0.110931,0.529649,1.59999,6.50924,0.515786E-05,0.198719E-01
0,310,Prunus',0,2,1,0,0,0,1,216.762,34.1079,0.242387,2.86384,8.12776,32.3190,0.215510E-04,0.838311E-01
0,310,Quercus',8,58,29,8,6,5,11,214.179,34.4570,2.50585,24.6808,87.1105,100.588,0.229652E-03,0.253049
0,310,Robinia',0,0,0,0,0,0,0,0.00000,0.00000,0.00000,0.00000,0.00000,0.00000,0.00000,0.00000
0,310,Sassafras',0,0,0,0,0,0,0,2.99228,4.36400,0.352346E-04,0.139097E-03,0.150154E-03,0.146869E-02,0.840897E-09,0.886971E-05
0,310,Tilia',0,0,0,0,0,0,0,10.3661,8.67261,0.307252E-03,0.987855E-03,0.139449E-02,0.179748E-01,0.752193E-08,0.951920E-04
0,320,Acer',53,389,59,9,3,0,0,91.5572,30.5555,0.915139,3.77465,12.9664,18.8674,0.419882E-04,0.578058E-01
0,320,Aesculus',0,0,0,0,0,0,0,2.34433,2.90234,0.483180E-04,0.108470E-03,0.126545E-03,0.961123E-03,0.976776E-09,0.744940E-05
0,320,Carya',0,5,2,0,0,0,0,109.667,34.7201,0.759665E-01,0.520719,2.33882,12.1992,0.629095E-05,0.322124E-01
0,320,Cercis',6,14,0,0,0,0,0,6.93777,6.04793,0.236318E-02,0.635777E-02,0.123080E-01,0.565432E-01,0.613705E-07,0.269394E-03
0,320,Comus',7,11,0,0,0,0,0,13.5225,6.36216,0.232124E-02,0.581808E-02,0.125977E-01,0.795776E-01,0.614105E-07,0.354620E-03
0,320,Diospyros',1,10,0,0,0,0,0,17.2788,8.93604,0.467229E-02,0.133377E-01,0.346092E-01,0.172924,0.144170E-06,0.652202E-03
0,320,Fagus',11,35,16,1,0,1,0,117.252,31.5908,0.308942,1.59324,6.45792,24.0582,0.187983E-04,0.678634E-01
0,320,Fraxinus',2,26,5,0,0,0,0,61.9908,23.5635,0.370988E-01,0.214890,0.465095,2.09988,0.156760E-05,0.645795E-02
0,320,Juglans',0,0,0,0,0,0,0,0.00000,0.00000,0.00000,0.00000,0.00000,0.00000,0.00000,0.00000
0,320,Juniperus',1,2,0,0,0,0,0,8.75578,7.63488,0.761815E-03,0.211176E-02,0.369520E-02,0.256738E-01,0.192155E-07,0.129278E-03
0,320,Liquidambar',0,0,0,0,0,0,0,1.20255,2.19014,0.659213E-05,0.113579E-04,0.211590E-04,0.299234E-03,0.141917E-09,0.200701E-05
0,320,Liriodendron',7,130,38,9,3,2,2,306.105,35.0418,0.993477,9.72114,21.8708,55.8062,0.629033E-04,0.142681
0,320,Nyssa',5,16,0,0,0,0,0,14.8868,7.49484,0.537407E-02,0.168618E-01,0.239396E-01,0.105993,0.130562E-06,0.499304E-03
0,320,Oxydendron',130,1687,11,0,0,0,0,23.1447,13.5269,0.283691,1.04280,1.52665,1.78182,0.747643E-05,0.893725E-02
0,320,Pinus',16,57,13,1,0,0,0,82.4142,33.1268,0.119152,0.595160,1.81135,7.29844,0.574630E-05,0.218843E-01
0,320,Prunus',0,1,2,0,0,0,1,198.990,33.6791,0.219910,2.39246,6.83659,28.1093,0.183581E-04,0.739394E-01
0,320,Quercus',10,68,29,9,5,5,11,219.169,34.5052,2.52894,24.7278,88.2352,98.0923,0.232484E-03,0.247620
0,320,Robinia',0,0,0,0,0,0,0,0.00000,0.00000,0.00000,0.00000,0.00000,0.00000,0.00000,0.00000
0,320,Sassafras',0,0,0,0,0,0,0,1.30181,2.68776,0.639189E-05,0.133102E-04,0.185339E-04,0.262108E-03,0.133201E-09,0.188375E-05
0,320,Tilia',0,1,0,0,0,0,0,16.7561,11.9682,0.112517E-02,0.340983E-02,0.549959E-02,0.623987E-01,0.284188E-07,0.297441E-03
0,330,Acer',68,359,79,8,2,0,0,90.0024,30.3894,0.881015,3.52442,11.5292,18.2654,0.383030E-04,0.556713E-01
0,330,Aesculus',0,0,0,0,0,0,0,2.54981,3.03916,0.407768E-04,0.123536E-03,0.127146E-03,0.811777E-03,0.869551E-09,0.548141E-05
0,330,Carya',0,7,2,0,0,0,0,113.640,34.8253,0.836927E-01,0.589766,2.65159,13.4479,0.709722E-05,0.353131E-01
0,330,Cercis',6,14,0,0,0,0,0,10.4198,7.46619,0.214771E-02,0.579638E-02,0.117084E-01,0.539334E-01,0.569362E-07,0.245857E-03
0,330,Comus',8,19,0,0,0,0,0,4.20032,3.47950,0.285722E-02,0.641145E-02,0.133107E-01,0.544761E-01,0.707106E-07,0.290283E-03
0,330,Diospyros',0,9,0,0,0,0,0,24.1370,11.4717,0.608861E-02,0.179339E-01,0.465036E-01,0.267054,0.190990E-06,0.951764E-03
0,330,Fagus',13,32,16,1,0,0,0,121.607,31.8960,0.308495,1.63496,6.60996,25.4293,0.191297E-04,0.709097E-01
0,330,Fraxinus',1,19,6,0,0,0,0,73.1039,25.6203,0.431906E-01,0.277109,0.638188,3.25604,0.203995E-05,0.956736E-02
0,330,Juglans',0,0,0,0,0,0,0,0.00000,0.00000,0.00000,0.00000,0.00000,0.00000,0.00000,0.00000
0,330,Juniperus',1,1,0,0,0,0,0,10.2941,8.62015,0.766138E-03,0.204084E-02,0.397097E-02,0.369195E-01,0.198908E-07,0.180195E-03
0,330,Liquidambar',0,0,0,0,0,0,0,2.59233,3.19010,0.230080E-04,0.527802E-04,0.739622E-04,0.104598E-02,0.495574E-09,0.700847E-05
0,330,Liriodendron',6,124,45,10,4,1,3,319.811,35.1299,1.06960,10.6053,23.7553,58.1924,0.681870E-04,0.147605
0,330,Nyssa',3,11,0,0,0,0,0,16.1618,7.90371,0.452190E-02,0.140712E-01,0.202837E-01,0.842240E-01,0.110170E-06,0.418548E-03
0,330,Oxydendron',99,1505,10,0,0,0,0,24.3489,13.6882,0.290205,1.04083,1.57186,2.02075,0.767067E-05,0.999291E-02
0,330,Pinus',26,64,12,2,0,0,0,87.9193,33.5203,0.130235,0.654534,2.06202,7.89830,0.646345E-05,0.234333E-01
0,330,Prunus',0,1,1,0,0,0,1,203.635,33.8022,0.247359,2.77426,7.97417,31.6977,0.212813E-04,0.831296E-01
0,330,Quercus',18,69,29,9,5,4,12,223.696,34.5480,2.52717,25.5009,90.3800,101.538,0.237225E-03,0.255139
0,330,Robinia',0,0,0,0,0,0,0,0.00000,0.00000,0.00000,0.00000,0.00000,0.00000,0.00000,0.00000
0,330,Sassafras',0,0,0,0,0,0,0,0.00000,0.00000,0.00000,0.00000,0.00000,0.00000,0.00000,0.00000
0,330,Tilia',0,0,0,0,0,0,0,22.3481,14.2653,0.141658E-02,0.569009E-02,0.885115E-02,0.991669E-01,0.400617E-07,0.417867E-03
0,340,Acer',21,265,73,8,2,1,0,102.423,31.5764,0.951109,3.89120,13.3556,20.2908,0.433708E-04,0.607277E-01
0,340,Aesculus',0,0,0,0,0,0,0,5.59117,4.99851,0.259319E-03,0.747614E-03,0.798553E-03,0.534520E-02,0.550760E-08,0.363084E-04
0,340,Carya',0,7,2,0,0,0,0,116.749,34.8983,0.962163E-01,0.645331,3.00535,14.6032,0.806365E-05,0.383554E-01
0,340,Cercis',1,6,0,0,0,0,0,6.29844,5.73141,0.146376E-02,0.408058E-02,0.791408E-02,0.415904E-01,0.386585E-07,0.201304E-03
0,340,Comus',1,7,0,0,0,0,0,6.91471,4.54765,0.203545E-02,0.515285E-02,0.984773E-02,0.481079E-01,0.511853E-07,0.248318E-03
0,340,Diospyros',0,4,0,0,0,0,0,30.3380,13.5558,0.662454E-02,0.225816E-01,0.658229E-01,0.464176,0.241637E-06,0.154720E-02
0,340,Fagus',6,24,14,2,0,0,1,125.558,32.1525,0.330393,1.80738,7.36495,27.2850,0.211227E-04,0.759851E-01
0,340,Fraxinus',1,12,6,0,0,0,0,58.7003,22.8764,0.322438E-01,0.205387,0.462531,2.76223,0.149202E-05,0.827360E-02
0,340,Juglans',0,0,0,0,0,0,0,0.00000,0.00000,0.00000,0.00000,0.00000,0.00000,0.00000,0.00000
0,340,Juniperus',0,1,0,0,0,0,0,6.51039,6.13169,0.409817E-03,0.110123E-02,0.175642E-02,0.128524E-01,0.982272E-08,0.704751E-04
0,340,Liquidambar',0,0,0,0,0,0,0,3.37436,3.73955,0.145938E-04,0.894279E-04,0.840724E-04,0.118896E-02,0.396914E-09,0.561321E-05
0,340,Liriodendron',7,94,47,11,3,1,2,330.170,35.1863,1.04735,9.74744,21.7786,52.5455,0.634741E-04,0.134516
0,340,Nyssa',2,9,0,0,0,0,0,17.4858,8.31148,0.445035E-02,0.143169E-01,0.210950E-01,0.110537,0.110943E-06,0.533353E-03
0,340,Oxydendron',67,1142,12,0,0,0,0,25.2252,13.7944,0.228025,0.922570,1.33178,1.78036,0.624206E-05,0.852337E-02
0,340,Pinus',11,47,11,1,0,0,0,92.6641,33.8079,0.131846,0.692178,2.22472,8.52136,0.684827E-05,0.249687E-01
0,340,Prunus',0,0,1,1,0,0,1,207.300,33.8935,0.231488,2.78392,7.86709,33.0308,0.208148E-04,0.858834E-01
0,340,Quercus',5,44,29,10,4,3,12,227.541,34.6072,2.57243,26.0704,92.6952,104.252,0.243021E-03,0.261669
0,340,Robinia',0,0,0,0,0,0,0,0.00000,0.00000,0.00000,0.00000,0.00000,0.00000,0.00000,0.00000
0,340,Sassafras',0,0,0,0,0,0,0,0.00000,0.00000,0.00000,0.00000,0.00000,0.00000,0.00000,0.00000
0,340,Tilia',0,0,0,0,0,0,0,29.0238,16.4407,0.215304E-02,0.874673E-02,0.161326E-01,0.194415,0.668444E-07,0.778292E-03
0,350,Acer',47,358,73,10,2,1,0,100.202,31.3862,0.995737,4.16601,14.2885,20.9420,0.460865E-04,0.627012E-01
0,350,Aesculus',0,0,0,0,0,0,0,8.22776,6.60129,0.367564E-03,0.118084E-02,0.132209E-02,0.108536E-01,0.822927E-08,0.643123E-04
0,350,Carya',1,7,3,0,0,0,0,118.942,34.9453,0.109616,0.744030,3.46683,15.6687,0.928205E-05,0.411658E-01
0,350,Cercis',8,12,0,0,0,0,0,6.25864,5.71105,0.176653E-02,0.472463E-02,0.926465E-02,0.360217E-01,0.460183E-07,0.176475E-03
0,350,Comus',6,13,0,0,0,0,0,7.06972,4.60199,0.223394E-02,0.529166E-02,0.107576E-01,0.404998E-01,0.560647E-07,0.209304E-03
0,350,Diospyros',1,11,0,0,0,0,0,36.6727,15.4988,0.115604E-01,0.374095E-01,0.113367,0.753135,0.418345E-06,0.243373E-02
0,350,Fagus',16,34,13,3,0,0,1,129.221,32.3741,0.360350,2.01613,8.21162,29.8624,0.234355E-04,0.828890E-01
0,350,Fraxinus',2,16,4,0,0,0,0,68.7686,24.8636,0.350644E-01,0.248069,0.600604,3.76496,0.183945E-05,0.108286E-01
0,350,Juglans',0,0,0,0,0,0,0,0.00000,0.00000,0.00000,0.00000,0.00000,0.00000,0.00000,0.00000
0,350,Juniperus',1,2,0,0,0,0,0,5.74136,5.59847,0.546346E-03,0.132790E-02,0.208417E-02,0.107804E-01,0.125231E-07,0.641851E-04
0,350,Liquidambar',0,0,0,0,0,0,0,3.56573,3.87257,0.169953E-04,0.998589E-04,0.950203E-04,0.134379E-02,0.455813E-09,0.644616E-05
0,350,Liriodendron',6,129,46,9,4,2,2,303.448,35.0227,1.06222,8.85732,19.5444,43.3524,0.587232E-04,0.115023
0,350,Nyssa',8,20,0,0,0,0,0,18.3536,8.56979,0.588366E-02,0.175466E-01,0.258297E-01,0.896990E-01,0.142098E-06,0.458116E-03
0,350,Oxydendron',126,1443,14,0,0,0,0,25.9844,13.8795,0.245725,0.984226,1.39797,1.58713,0.664396E-05,0.773031E-02
0,350,Pinus',27,80,11,1,0,0,0,97.2874,34.0490,0.130915,0.700887,2.16745,7.49132,0.670754E-05,0.217698E-01
0,350,Prunus',0,1,0,1,0,0,1,203.066,33.7875,0.215133,2.59233,7.28304,32.1492,0.192815E-04,0.833568E-01
0,350,Quercus',10,49,29,9,5,3,12,230.907,34.6563,2.47909,26.5830,93.3192,110.654,0.243064E-03,0.276803
0,350,Robinia',0,0,0,0,0,0,0,1.14530,1.94570,0.717507E-05,0.103022E-04,0.334453E-04,0.472988E-03,0.177612E-09,0.251181E-05
0,350,Sassafras',0,0,0,0,0,0,0,0.00000,0.00000,0.00000,0.00000,0.00000,0.00000,0.00000,0.00000
0,350,Tilia',0,1,0,0,0,0,0,7.07370,6.63643,0.387380E-03,0.115619E-02,0.125596E-02,0.928951E-02,0.836758E-08,0.609322E-04
0,360,Acer',28,457,77,10,3,1,0,112.574,32.3409,1.05769,4.30681,14.7544,22.0646,0.480136E-04,0.667375E-01
0,360,Aesculus',0,0,0,0,0,0,0,14.2583,9.95828,0.621885E-03,0.285752E-02,0.336575E-02,0.331341E-01,0.164318E-07,0.157948E-03
0,360,Carya',0,10,2,0,0,0,0,120.432,34.9753,0.996572E-01,0.683052,3.11992,14.9762,0.836778E-05,0.393710E-01
0,360,Cercis',3,22,0,0,0,0,0,9.42508,7.10860,0.285973E-02,0.755204E-02,0.152041E-01,0.551312E-01,0.749543E-07,0.263785E-03
0,360,Comus',3,37,0,0,0,0,0,8.43954,5.05427,0.551744E-02,0.126399E-01,0.262444E-01,0.998853E-01,0.137747E-06,0.525939E-03
0,360,Diospyros',0,11,1,0,0,0,0,24.8280,11.7134,0.113270E-01,0.347637E-01,0.892110E-01,0.399272,0.361306E-06,0.148647E-02
0,360,Fagus',6,57,13,4,0,0,1,132.529,32.5619,0.373689,2.05409,8.33732,31.2171,0.239069E-04,0.864778E-01
0,360,Fraxinus',0,15,4,0,0,0,0,79.7011,26.6704,0.318474E-01,0.228654,0.575660,3.17149,0.173771E-05,0.891033E-02
0,360,Juglans',0,0,0,0,0,0,0,0.00000,0.00000,0.00000,0.00000,0.00000,0.00000,0.00000,0.00000
0,360,Juniperus',1,3,0,0,0,0,0,6.84896,6.36343,0.853842E-03,0.220261E-02,0.356071E-02,0.190182E-01,0.202459E-07,0.105869E-03
0,360,Liquidambar',0,0,0,0,0,0,0,0.00000,0.00000,0.00000,0.00000,0.00000,0.00000,0.00000,0.00000
0,360,Liriodendron',7,135,49,10,4,2,3,282.044,34.8409,1.06522,8.98357,19.8706,42.7584,0.594914E-04,0.115811
0,360,Nyssa',3,30,0,0,0,0,0,18.7945,8.69835,0.760614E-02,0.216210E-01,0.323801E-01,0.115607,0.181451E-06,0.625002E-03
0,360,Oxydendron',66,1558,12,0,0,0,0,26.4590,13.9296,0.246021,0.965119,1.36112,1.38994,0.656632E-05,0.691845E-02
0,360,Pinus',15,138,11,1,0,0,0,101.227,34.2281,0.158125,0.834768,2.58293,8.77341,0.802388E-05,0.256001E-01
0,360,Prunus',0,1,0,0,0,0,1,206.749,33.8801,0.215571,2.65908,7.55749,34.2430,0.198977E-04,0.883569E-01
0,360,Quercus',8,70,27,9,5,2,12,233.848,34.6970,2.38459,25.3161,89.4292,109.389,0.233059E-03,0.273760
0,360,Robinia',0,0,0,0,0,0,0,3.52040,3.24034,0.201137E-04,0.108126E-03,0.158943E-03,0.182581E-02,0.642754E-09,0.698696E-05
0,360,Sassafras',0,0,0,0,0,0,0,0.00000,0.00000,0.00000,0.00000,0.00000,0.00000,0.00000,0.00000
0,360,Tilia',0,2,0,0,0,0,0,10.1026,8.51884,0.664890E-03,0.190399E-02,0.237634E-02,0.201901E-01,0.148522E-07,0.116470E-03
0,370,Acer',38,464,78,8,3,1,0,124.717,33.0650,1.03925,4.16637,14.2105,21.6268,0.465395E-04,0.650762E-01
0,370,Aesculus',0,0,0,0,0,0,0,21.7903,13.6098,0.122530E-02,0.440542E-02,0.782692E-02,0.100421,0.350320E-07,0.425515E-03
0,370,Carya',0,15,2,0,0,0,0,121.455,34.9951,0.107719,0.731377,3.37264,15.4555,0.904543E-05,0.405646E-01
0,370,Cercis',2,40,0,0,0,0,0,5.66139,5.39591,0.771410E-02,0.211929E-01,0.409277E-01,0.223466,0.201999E-06,0.107480E-02
0,370,Comus',4,42,0,0,0,0,0,8.50748,5.07545,0.105821E-01,0.269070E-01,0.522272E-01,0.215584,0.268396E-06,0.109119E-02
0,370,Diospyros',0,11,1,0,0,0,0,31.7211,13.9955,0.137803E-01,0.432414E-01,0.128793,0.656791,0.484580E-06,0.225095E-02
0,370,Fagus',6,64,14,4,0,0,0,135.507,32.7215,0.362184,2.02419,7.92010,31.8694,0.228141E-04,0.875197E-01
0,370,Fraxinus',1,19,2,0,0,0,0,69.5298,25.0005,0.211276E-01,0.157908,0.334235,1.81020,0.104689E-05,0.494740E-02
0,370,Juglans',0,0,0,0,0,0,0,0.00000,0.00000,0.00000,0.00000,0.00000,0.00000,0.00000,0.00000
0,370,Juniperus',0,4,0,0,0,0,0,7.92847,7.09018,0.169990E-02,0.450768E-02,0.769635E-02,0.401002E-01,0.416571E-07,0.211089E-03
0,370,Liquidambar',0,0,0,0,0,0,0,2.37537,3.03599,0.197906E-04,0.443151E-04,0.627967E-04,0.888079E-03,0.424445E-09,0.600256E-05
0,370,Liriodendron',7,134,53,7,3,2,3,300.598,35.0015,1.09218,10.2204,23.0299,49.7506,0.669001E-04,0.131820
0,370,Nyssa',4,32,0,0,0,0,0,17.2538,8.24124,0.874865E-02,0.219797E-01,0.345083E-01,0.121407,0.202627E-06,0.685719E-03
0,370,Oxydendron',58,1440,9,0,0,0,0,26.7871,13.9629,0.234749,0.896276,1.27851,1.34012,0.622047E-05,0.681008E-02
0,370,Pinus',16,150,13,1,1,0,0,104.858,34.3742,0.193575,0.997991,3.13697,10.3831,0.976712E-05,0.304662E-01
0,370,Prunus',0,2,0,0,0,0,1,209.773,33.9524,0.242713,3.00246,8.60150,37.4694,0.226084E-04,0.966542E-01
0,370,Quercus',11,78,25,8,4,3,11,236.430,34.7312,2.42556,25.1240,89.7369,104.953,0.234333E-03,0.263875
0,370,Robinia',0,0,0,0,0,0,0,6.21111,4.63746,0.120006E-03,0.305656E-03,0.625576E-03,0.858605E-02,0.311773E-08,0.428750E-04
0,370,Sassafras',0,0,0,0,0,0,0,0.00000,0.00000,0.00000,0.00000,0.00000,0.00000,0.00000,0.00000
0,370,Tilia',0,1,0,0,0,0,0,12.2352,9.72044,0.760904E-03,0.257851E-02,0.323808E-02,0.268881E-01,0.181494E-07,0.141139E-03
0,380,Acer',28,460,86,10,2,1,0,106.832,31.8137,1.01586,4.16642,13.7155,21.7403,0.451028E-04,0.660926E-01
0,380,Aesculus',0,1,0,0,0,0,0,30.0582,17.0213,0.217946E-02,0.803803E-02,0.176503E-01,0.236688,0.705974E-07,0.923410E-03
0,380,Carya',0,10,3,0,0,0,0,121.635,34.9985,0.105868,0.680865,3.21527,15.3334,0.866908E-05,0.404671E-01
0,380,Cercis',5,35,0,0,0,0,0,8.30305,6.66162,0.668823E-02,0.185389E-01,0.372835E-01,0.140660,0.179133E-06,0.640824E-03
0,380,Comus',6,41,0,0,0,0,0,9.77249,5.44969,0.978574E-02,0.256078E-01,0.510328E-01,0.193629,0.254278E-06,0.929765E-03
0,380,Diospyros',0,14,1,0,0,0,0,30.0490,13.4628,0.151163E-01,0.511015E-01,0.152181,0.706167,0.555788E-06,0.236310E-02
0,380,Fagus',9,75,15,4,1,0,0,138.194,32.8581,0.398576,2.24797,8.76832,33.7720,0.252229E-04,0.924622E-01
0,380,Fraxinus',0,15,3,0,0,0,0,79.8460,26.6922,0.228836E-01,0.160494,0.392564,2.45915,0.120179E-05,0.666482E-02
0,380,Juglans',0,0,0,0,0,0,0,0.00000,0.00000,0.00000,0.00000,0.00000,0.00000,0.00000,0.00000
0,380,Juniperus',1,3,0,0,0,0,0,9.44351,8.07974,0.178805E-02,0.589757E-02,0.960144E-02,0.619125E-01,0.471640E-07,0.301540E-03
0,380,Liquidambar',0,0,0,0,0,0,0,0.00000,0.00000,0.00000,0.00000,0.00000,0.00000,0.00000,0.00000
0,380,Liriodendron',5,92,48,6,2,1,4,316.295,35.1088,1.05511,10.4945,24.3348,56.1873,0.692662E-04,0.146356
0,380,Nyssa',4,25,0,0,0,0,0,11.0337,6.15574,0.618060E-02,0.171235E-01,0.246076E-01,0.750287E-01,0.143657E-06,0.430692E-03
0,380,Oxydendron',56,1308,9,0,0,0,0,27.0550,13.9893,0.215211,0.828566,1.18933,1.43609,0.574105E-05,0.718749E-02
0,380,Pinus',15,140,18,1,0,0,0,107.985,34.4870,0.202135,1.09260,3.36565,11.0498,0.103989E-04,0.322320E-01
0,380,Prunus',0,0,0,0,0,0,1,212.457,34.0140,0.232762,3.03770,8.66614,34.8763,0.226088E-04,0.901410E-01
0,380,Quercus',8,60,31,9,4,2,12,238.633,34.7594,2.53195,26.3573,94.8755,110.274,0.247283E-03,0.276720
0,380,Robinia',0,0,0,0,0,0,0,10.7748,6.84821,0.141680E-03,0.911814E-03,0.142050E-02,0.200889E-01,0.519624E-08,0.734859E-04
0,380,Sassafras',0,0,0,0,0,0,0,0.00000,0.00000,0.00000,0.00000,0.00000,0.00000,0.00000,0.00000
0,380,Tilia',0,0,0,0,0,0,0,13.7565,10.5202,0.280711E-03,0.163688E-02,0.174614E-02,0.223686E-01,0.792131E-08,0.947353E-04
0,390,Acer',42,399,79,10,2,0,0,94.7382,30.8788,0.926042,3.82615,12.0279,18.1092,0.400595E-04,0.554267E-01
0,390,Aesculus',0,0,0,0,0,0,0,38.5002,19.9581,0.339867E-02,0.122632E-01,0.324274E-01,0.451814,0.120987E-06,0.166276E-02
0,390,Carya',1,8,3,0,0,0,0,122.330,35.0115,0.107461,0.693055,3.33257,15.5057,0.895266E-05,0.409615E-01
0,390,Cercis',13,35,0,0,0,0,0,10.5592,7.51362,0.577980E-02,0.164443E-01,0.313794E-01,0.924542E-01,0.152936E-06,0.421427E-03
0,390,Comus',13,36,0,0,0,0,0,9.67988,5.42354,0.729875E-02,0.199088E-01,0.372782E-01,0.134942,0.187910E-06,0.681664E-03
0,390,Diospyros',1,10,1,0,0,0,0,38.3767,15.9915,0.123127E-01,0.419221E-01,0.123428,0.834109,0.451532E-06,0.265939E-02
0,390,Fagus',18,51,17,5,1,0,1,140.630,32.9763,0.450743,2.57157,10.1364,37.2603,0.290141E-04,0.101863
0,390,Fraxinus',1,14,2,0,0,0,0,66.3211,24.4112,0.247415E-01,0.143319,0.370182,2.09086,0.117880E-05,0.620801E-02
0,390,Juglans',0,0,0,0,0,0,0,0.00000,0.00000,0.00000,0.00000,0.00000,0.00000,0.00000,0.00000
0,390,Juniperus',0,3,0,0,0,0,0,10.9884,9.05336,0.193622E-02,0.656513E-02,0.109101E-01,0.633241E-01,0.522124E-07,0.295674E-03
0,390,Liquidambar',0,0,0,0,0,0,0,2.45552,3.09301,0.209509E-04,0.473561E-04,0.667817E-04,0.944436E-03,0.450004E-09,0.636402E-05
0,390,Liriodendron',6,137,35,9,3,1,3,224.816,33.9884,0.908199,8.13998,18.3634,40.1106,0.538816E-04,0.109738
0,390,Nyssa',3,19,0,0,0,0,0,10.2149,5.84989,0.538223E-02,0.143619E-01,0.206159E-01,0.700900E-01,0.123293E-06,0.419137E-03
0,390,Oxydendron',102,1386,8,0,0,0,0,27.4370,14.0258,0.224222,0.847459,1.21135,1.40269,0.591969E-05,0.710389E-02
0,390,Pinus',26,147,23,2,0,0,0,96.6563,34.0182,0.218134,1.12214,3.48782,11.0520,0.109015E-04,0.325200E-01
0,390,Prunus',0,1,0,0,0,0,1,214.592,34.0613,0.223926,3.01360,8.56943,34.9363,0.222667E-04,0.900366E-01
0,390,Quercus',6,63,31,8,4,2,12,240.508,34.7826,2.53893,26.9599,96.6250,112.087,0.251271E-03,0.280432
0,390,Robinia',0,0,0,0,0,0,0,13.7088,8.17060,0.473913E-04,0.147601E-02,0.193631E-02,0.273836E-01,0.498514E-08,0.705005E-04
0,390,Sassafras',0,0,0,0,0,0,0,0.00000,0.00000,0.00000,0.00000,0.00000,0.00000,0.00000,0.00000
0,390,Tilia',0,1,0,0,0,0,0,15.2158,11.2452,0.428669E-03,0.243398E-02,0.249916E-02,0.283134E-01,0.117246E-07,0.119821E-03
0,400,Acer',38,430,89,8,2,0,0,109.969,32.1600,1.06470,4.33738,14.4884,21.9497,0.475234E-04,0.658195E-01
0,400,Aesculus',0,1,0,0,0,0,0,52.4757,23.8329,0.713995E-02,0.255303E-01,0.752311E-01,1.02029,0.269964E-06,0.358956E-02
0,400,Carya',0,10,3,0,0,0,0,93.1325,33.6708,0.658645E-01,0.450369,1.94341,9.22886,0.526684E-05,0.237730E-01
0,400,Cercis',13,57,0,0,0,0,0,12.1945,8.02457,0.786530E-02,0.219999E-01,0.423138E-01,0.100647,0.207256E-06,0.466631E-03
0,400,Comus',8,52,0,0,0,0,0,10.4661,5.63951,0.986701E-02,0.246431E-01,0.490266E-01,0.158944,0.250989E-06,0.798698E-03
0,400,Diospyros',0,12,1,0,0,0,0,25.5098,11.9495,0.115241E-01,0.345100E-01,0.100220,0.457478,0.388607E-06,0.160599E-02
0,400,Fagus',20,67,17,4,2,0,1,142.821,33.0782,0.463101,2.80420,10.8740,39.9089,0.308310E-04,0.108312
0,400,Fraxinus',1,13,2,0,0,0,0,77.9207,26.3985,0.258129E-01,0.165270,0.465110,2.95339,0.140517E-05,0.842058E-02
0,400,Juglans',0,0,0,0,0,0,0,0.00000,0.00000,0.00000,0.00000,0.00000,0.00000,0.00000,0.00000
0,400,Juniperus',1,3,0,0,0,0,0,14.1890,10.9621,0.208874E-02,0.753711E-02,0.126157E-01,0.837663E-01,0.582055E-07,0.365609E-03
0,400,Liquidambar',0,0,0,0,0,0,0,4.12361,4.25720,0.762670E-04,0.188064E-03,0.267400E-03,0.290516E-02,0.169213E-08,0.181729E-04
0,400,Liriodendron',8,142,46,7,3,1,2,249.804,34.4433,0.910219,8.18472,18.2991,41.6935,0.537679E-04,0.112228
0,400,Nyssa',4,24,0,0,0,0,0,10.6329,6.00700,0.681203E-02,0.178921E-01,0.263383E-01,0.952762E-01,0.156592E-06,0.550340E-03
0,400,Oxydendron',70,1456,7,0,0,0,0,28.1308,14.0888,0.242150,0.888084,1.28952,1.52233,0.635149E-05,0.770190E-02
0,400,Pinus',28,178,25,1,0,0,0,100.851,34.2119,0.245363,1.26432,3.96280,12.2180,0.123504E-04,0.357559E-01
0,400,Prunus',0,1,0,0,0,0,1,216.278,34.0976,0.231757,3.30339,9.38689,37.6983,0.241960E-04,0.966269E-01
0,400,Quercus',7,64,37,7,4,3,11,242.094,34.8016,2.47165,26.2015,93.9298,112.367,0.244314E-03,0.281619
0,400,Robinia',0,0,0,0,0,0,0,14.9836,8.72236,0.304702E-04,0.176328E-02,0.234157E-02,0.331148E-01,0.564213E-08,0.797918E-04
0,400,Sassafras',0,0,0,0,0,0,0,0.00000,0.00000,0.00000,0.00000,0.00000,0.00000,0.00000,0.00000
0,400,Tilia',0,1,0,0,0,0,0,9.89597,8.39718,0.524684E-03,0.159012E-02,0.203771E-02,0.181697E-01,0.120814E-07,0.101703E-03
0,410,Acer',47,466,101,12,2,0,0,122.655,32.9548,1.10008,4.44845,14.3158,20.5792,0.476492E-04,0.628696E-01
0,410,Aesculus',0,1,0,0,0,0,0,71.9995,27.6894,0.128398E-01,0.463189E-01,0.162030,2.17181,0.544904E-06,0.718937E-02
0,410,Carya',0,13,4,0,0,0,0,96.8738,33.3985,0.646192E-01,0.444454,1.85381,9.73567,0.504981E-05,0.251642E-01
0,410,Cercis',13,80,0,0,0,0,0,13.4759,8.37203,0.121107E-01,0.333065E-01,0.651246E-01,0.190488,0.319062E-06,0.945462E-03
0,410,Comus',9,62,0,0,0,0,0,10.8415,5.73797,0.146690E-01,0.379185E-01,0.738631E-01,0.360091,0.375309E-06,0.181398E-02
0,410,Diospyros',0,12,0,0,0,0,0,32.8239,14.3398,0.114477E-01,0.346036E-01,0.111370,0.735793,0.412285E-06,0.242241E-02
0,410,Fagus',13,84,15,5,2,0,1,144.875,33.1700,0.481923,2.99970,11.4165,38.8891,0.323076E-04,0.105955
0,410,Fraxinus',0,13,2,0,0,0,0,88.3145,27.8761,0.335084E-01,0.225994,0.652390,4.01405,0.193213E-05,0.111587E-01
0,410,Juglans',0,0,0,0,0,0,0,0.00000,0.00000,0.00000,0.00000,0.00000,0.00000,0.00000,0.00000
0,410,Juniperus',0,3,0,0,0,0,0,19.3864,13.7732,0.283522E-02,0.108814E-01,0.203252E-01,0.134962,0.861202E-07,0.524481E-03
0,410,Liquidambar',0,0,0,0,0,0,0,6.32278,5.72849,0.238982E-03,0.735715E-03,0.100949E-02,0.792711E-02,0.568358E-08,0.432360E-04
0,410,Liriodendron',10,133,43,9,2,2,2,251.940,34.4754,0.941924,8.40426,18.5933,42.1788,0.548780E-04,0.114095
0,410,Nyssa',5,29,0,0,0,0,0,9.87773,5.72163,0.865891E-02,0.226213E-01,0.335409E-01,0.119506,0.199185E-06,0.677546E-03
0,410,Oxydendron',64,1328,8,0,0,0,0,28.6668,14.1347,0.233274,0.881024,1.27405,1.68559,0.618933E-05,0.836411E-02
0,410,Pinus',26,219,27,2,0,0,0,104.553,34.3625,0.278307,1.45984,4.54013,13.4967,0.141092E-04,0.393539E-01
0,410,Prunus',0,1,0,0,0,0,1,217.607,34.1256,0.221560,3.19552,9.17073,38.7060,0.235689E-04,0.987969E-01
0,410,Quercus',8,120,39,7,4,3,11,242.747,34.8094,2.37737,24.5013,87.4994,108.042,0.228667E-03,0.271778
0,410,Robinia',0,0,0,0,0,0,0,0.00000,0.00000,0.00000,0.00000,0.00000,0.00000,0.00000,0.00000
0,410,Sassafras',0,0,0,0,0,0,0,4.56251,5.80268,0.749440E-04,0.194667E-03,0.288356E-03,0.373039E-02,0.171965E-08,0.218707E-04
0,410,Tilia',0,1,0,0,0,0,0,14.2248,10.7572,0.872492E-03,0.263335E-02,0.401373E-02,0.409876E-01,0.214794E-07,0.202196E-03
0,420,Acer',48,395,97,13,2,0,0,102.661,31.5962,1.16895,4.77148,15.5743,21.6125,0.514372E-04,0.670151E-01
0,420,Aesculus',0,0,0,0,0,0,0,5.72750,5.08352,0.187616E-03,0.522817E-03,0.587564E-03,0.586086E-02,0.400653E-08,0.399903E-04
0,420,Carya',0,10,6,0,0,0,0,91.0485,33.9862,0.692534E-01,0.433067,1.81590,8.54198,0.503227E-05,0.232053E-01
0,420,Cercis',12,50,0,0,0,0,0,14.3137,8.57695,0.121480E-01,0.349333E-01,0.691630E-01,0.196843,0.328573E-06,0.920338E-03
0,420,Comus',9,35,1,0,0,0,0,12.7424,6.19401,0.119368E-01,0.368761E-01,0.662964E-01,0.278083,0.319162E-06,0.124038E-02
0,420,Diospyros',0,10,1,0,0,0,0,41.8866,16.9685,0.125740E-01,0.422449E-01,0.138803,1.07066,0.489462E-06,0.340138E-02
0,420,Fagus',18,86,18,5,2,0,1,146.680,33.2479,0.504691,3.06655,11.8042,39.2810,0.334969E-04,0.107854
0,420,Fraxinus',1,12,3,0,0,0,0,70.8573,25.2351,0.215792E-01,0.150750,0.366721,2.47790,0.112558E-05,0.690064E-02
0,420,Juglans',0,0,0,0,0,0,0,0.00000,0.00000,0.00000,0.00000,0.00000,0.00000,0.00000,0.00000
0,420,Juniperus',1,2,0,0,0,0,0,18.9785,13.5647,0.173806E-02,0.844943E-02,0.134111E-01,0.815977E-01,0.549078E-07,0.300408E-03
0,420,Liquidambar',0,0,0,0,0,0,0,8.32926,7.01044,0.218597E-03,0.150464E-02,0.157964E-02,0.115921E-01,0.665715E-08,0.470234E-04
0,420,Liriodendron',10,92,41,10,3,1,2,274.604,34.7641,0.941373,9.20643,20.7807,49.0776,0.597309E-04,0.129088
0,420,Nyssa',7,27,1,0,0,0,0,12.9500,6.84179,0.102535E-01,0.276407E-01,0.414116E-01,0.169453,0.239631E-06,0.923391E-03
0,420,Oxydendron',100,1145,8,0,0,0,0,29.2067,14.1785,0.198479,0.821900,1.14908,1.62742,0.541072E-05,0.792579E-02
0,420,Pinus',35,204,33,2,1,0,0,107.743,34.4787,0.305833,1.58057,4.93430,14.5814,0.153827E-04,0.425349E-01
0,420,Prunus',0,1,0,0,0,0,1,218.648,34.1472,0.200762,3.03771,8.77691,39.7783,0.223943E-04,0.100989
0,420,Quercus',9,94,46,8,4,3,10,243.989,34.8238,2.36481,24.3784,86.2457,107.119,0.225700E-03,0.269528
0,420,Robinia',0,0,0,0,0,0,0,6.84986,4.95867,0.777159E-04,0.368514E-03,0.552657E-03,0.781575E-02,0.234689E-08,0.331900E-04
0,420,Sassafras',0,0,0,0,0,0,0,6.18939,7.18219,0.580452E-04,0.426313E-03,0.406632E-03,0.422078E-02,0.173922E-08,0.169568E-04
0,420,Tilia',0,1,0,0,0,0,0,19.3588,13.0980,0.155004E-02,0.528691E-02,0.854011E-02,0.867682E-01,0.412918E-07,0.387769E-03
0,430,Acer',35,586,96,13,3,0,0,110.868,32.2236,1.21301,5.07515,16.0581,21.4243,0.531467E-04,0.659371E-01
0,430,Aesculus',0,0,0,0,0,0,0,7.68741,6.27981,0.283467E-03,0.796829E-03,0.962728E-03,0.891477E-02,0.622006E-08,0.547756E-04
0,430,Carya',0,23,5,1,0,0,0,99.5092,34.3772,0.932981E-01,0.575684,2.42955,10.7798,0.674207E-05,0.295675E-01
0,430,Cercis',9,57,0,0,0,0,0,17.3856,9.20082,0.992614E-02,0.284599E-01,0.579781E-01,0.156219,0.271733E-06,0.681435E-03
0,430,Comus',10,57,0,0,0,0,0,11.6706,5.94535,0.102157E-01,0.291880E-01,0.546552E-01,0.172401,0.268516E-06,0.830130E-03
0,430,Diospyros',1,7,1,0,0,0,0,54.0365,19.9890,0.164217E-01,0.588011E-01,0.228287,2.04117,0.743705E-06,0.616352E-02
0,430,Fagus',18,101,19,4,2,0,1,148.290,33.3152,0.535436,3.22438,12.5117,40.9826,0.355117E-04,0.112852
0,430,Fraxinus',0,16,3,0,0,0,0,80.3537,26.7680,0.128116E-01,0.117201,0.251595,2.16613,0.743529E-06,0.570729E-02
0,430,Juglans',0,0,0,0,0,0,0,0.00000,0.00000,0.00000,0.00000,0.00000,0.00000,0.00000,0.00000
0,430,Juniperus',0,2,0,0,0,0,0,23.3573,15.7024,0.209015E-02,0.110110E-01,0.191430E-01,0.141014,0.727310E-07,0.491829E-03
0,430,Liquidambar',0,0,0,0,0,0,0,10.1709,8.13851,0.176521E-03,0.209631E-02,0.209160E-02,0.167037E-01,0.718912E-08,0.556903E-04
0,430,Liriodendron',8,113,40,7,4,1,2,294.012,34.9491,0.869323,9.15302,20.8689,52.2911,0.588896E-04,0.135412
0,430,Nyssa',5,45,1,0,0,0,0,15.8013,7.78975,0.140933E-01,0.391617E-01,0.576473E-01,0.252220,0.330985E-06,0.145171E-02
0,430,Oxydendron',70,1211,9,0,0,0,0,16.3868,12.1750,0.192614,0.786527,1.09596,1.47412,0.520825E-05,0.715609E-02
0,430,Pinus',32,250,34,2,1,0,0,110.357,34.5654,0.313269,1.71137,5.18009,14.6157,0.160363E-04,0.421396E-01
0,430,Prunus',0,1,0,0,0,0,1,219.448,34.1635,0.192914,2.91872,8.45948,40.2708,0.215760E-04,0.102198
0,430,Quercus',6,99,61,11,3,3,9,245.039,34.8358,2.26244,23.5148,82.0308,107.276,0.214860E-03,0.269528
0,430,Robinia',0,0,0,0,0,0,0,0.00000,0.00000,0.00000,0.00000,0.00000,0.00000,0.00000,0.00000
0,430,Sassafras',0,0,0,0,0,0,0,7.19310,7.98060,0.114799E-04,0.406370E-03,0.335439E-03,0.474382E-02,0.910679E-09,0.128790E-04
0,430,Tilia',0,1,0,0,0,0,0,13.0826,10.1716,0.904925E-03,0.341128E-02,0.399923E-02,0.266613E-01,0.219141E-07,0.132651E-03
0,440,Acer',39,461,143,13,4,0,0,114.257,32.4526,1.38453,5.83415,18.4390,23.9716,0.609067E-04,0.748399E-01
0,440,Aesculus',0,1,0,0,0,0,0,16.7526,11.2303,0.961580E-03,0.297007E-02,0.497616E-02,0.584478E-01,0.249006E-07,0.273101E-03
0,440,Carya',0,16,8,1,0,0,0,106.294,34.6191,0.124655,0.788096,3.39885,14.7220,0.934749E-05,0.399913E-01
0,440,Cercis',10,63,0,0,0,0,0,12.2011,8.02647,0.109095E-01,0.306274E-01,0.595918E-01,0.154511,0.289474E-06,0.749760E-03
0,440,Comus',6,54,0,0,0,0,0,16.9562,6.99041,0.135041E-01,0.377490E-01,0.719369E-01,0.224658,0.354258E-06,0.111069E-02
0,440,Diospyros',0,8,1,0,0,0,0,66.2679,22.5342,0.225847E-01,0.967591E-01,0.373784,2.83580,0.115575E-05,0.815619E-02
0,440,Fagus',16,133,24,4,2,1,0,149.794,33.3763,0.532408,3.36210,12.5406,41.2472,0.355323E-04,0.112727
0,440,Fraxinus',1,20,2,0,0,0,0,91.8760,28.3255,0.150625E-01,0.129583,0.305230,3.05039,0.895121E-06,0.805836E-02
0,440,Juglans',0,0,0,0,0,0,0,2.21023,2.43025,0.398730E-04,0.766816E-04,0.135442E-03,0.135101E-02,0.874975E-09,0.872774E-05
0,440,Juniperus',0,4,0,0,0,0,0,26.7781,17.2267,0.175492E-02,0.108577E-01,0.174969E-01,0.154014,0.642308E-07,0.488029E-03
0,440,Liquidambar',0,0,0,0,0,0,0,5.12472,4.93576,0.187886E-04,0.206267E-03,0.175267E-03,0.247865E-02,0.659953E-09,0.933315E-05
0,440,Liriodendron',5,109,40,6,3,2,2,293.476,34.9446,0.863273,9.40087,21.1593,53.7048,0.594479E-04,0.138178
0,440,Nyssa',6,47,1,0,0,0,0,18.2301,8.53346,0.172490E-01,0.487754E-01,0.716797E-01,0.293676,0.407597E-06,0.165790E-02
0,440,Oxydendron',70,1234,9,0,0,0,0,17.9652,12.5735,0.205700,0.788985,1.13799,1.60174,0.549004E-05,0.789785E-02
0,440,Pinus',37,239,37,2,1,0,0,112.753,34.6387,0.321096,1.76571,5.13981,14.0740,0.160599E-04,0.405874E-01
0,440,Prunus',0,1,0,0,0,0,0,220.083,34.1764,0.161565,2.40527,6.97912,37.6978,0.178350E-04,0.956279E-01
0,440,Quercus',10,136,61,14,3,1,9,245.928,34.8459,2.20917,22.7941,78.9500,103.142,0.207247E-03,0.259889
0,440,Robinia',0,0,0,0,0,0,0,1.86800,2.34590,0.261749E-04,0.471058E-04,0.111983E-03,0.158367E-02,0.625653E-09,0.884806E-05
0,440,Sassafras',0,0,0,0,0,0,0,0.00000,0.00000,0.00000,0.00000,0.00000,0.00000,0.00000,0.00000
0,440,Tilia',0,1,0,0,0,0,0,8.23856,7.38604,0.556891E-03,0.181630E-02,0.195685E-02,0.120805E-01,0.123653E-07,0.715367E-04
0,450,Acer',28,486,125,14,3,1,0,106.646,31.9144,1.36902,6.03514,18.4743,25.0610,0.607618E-04,0.777253E-01
0,450,Aesculus',0,1,0,0,0,0,0,30.0861,17.0319,0.333275E-02,0.114540E-01,0.225123E-01,0.240855,0.980040E-07,0.949647E-03
0,450,Carya',0,11,9,1,1,0,0,111.413,34.7681,0.148336,1.03019,4.39661,18.0667,0.119056E-04,0.484223E-01
0,450,Cercis',12,64,0,0,0,0,0,13.7681,8.44538,0.118604E-01,0.340595E-01,0.661745E-01,0.184547,0.317792E-06,0.876235E-03
0,450,Comus',7,61,0,0,0,0,0,22.0840,7.66128,0.162742E-01,0.463558E-01,0.882611E-01,0.321743,0.430411E-06,0.156942E-02
0,450,Diospyros',0,11,0,0,0,0,0,80.1698,24.9256,0.227777E-01,0.984824E-01,0.454981,4.22214,0.133897E-05,0.118315E-01
0,450,Fagus',19,151,28,4,2,1,0,151.144,33.4298,0.584243,3.65528,13.3891,44.4592,0.381641E-04,0.121490
0,450,Fraxinus',0,16,2,0,0,0,0,29.3636,14.7197,0.110366E-01,0.606776E-01,0.913169E-01,0.393343,0.361804E-06,0.144884E-02
0,450,Juglans',0,0,0,0,0,0,0,3.71052,3.17614,0.373263E-04,0.155851E-03,0.189495E-03,0.191199E-02,0.958432E-09,0.959634E-05
0,450,Juniperus',0,2,0,0,0,0,0,29.7206,18.4440,0.138114E-02,0.126417E-01,0.194467E-01,0.180536,0.631646E-07,0.521881E-03
0,450,Liquidambar',0,0,0,0,0,0,0,6.00648,5.52122,0.117912E-04,0.283354E-03,0.225260E-03,0.318566E-02,0.670319E-09,0.947974E-05
0,450,Liriodendron',9,113,36,6,3,1,3,310.459,35.0716,0.819695,8.87890,19.9277,53.0979,0.560838E-04,0.135108
0,450,Nyssa',6,37,1,0,0,0,0,19.5756,8.92185,0.149097E-01,0.508104E-01,0.687022E-01,0.236667,0.367304E-06,0.117064E-02
0,450,Oxydendron',66,1297,7,0,0,0,0,16.9556,12.3256,0.207559,0.793102,1.13057,1.43346,0.550029E-05,0.708683E-02
0,450,Pinus',46,290,40,2,0,0,0,114.798,34.6970,0.348275,1.94136,5.58485,13.9813,0.174414E-04,0.403536E-01
0,450,Prunus',0,9,0,0,0,0,0,219.148,34.1574,0.140119,2.16776,6.22524,36.1568,0.158510E-04,0.912253E-01
0,450,Quercus',10,124,63,12,6,2,8,243.314,34.8160,2.10224,21.2609,72.8343,98.9704,0.192117E-03,0.249772
0,450,Robinia',0,0,0,0,0,0,0,7.07391,5.07040,0.130591E-03,0.623305E-03,0.929449E-03,0.948568E-02,0.394537E-08,0.401448E-04
0,450,Sassafras',0,0,0,0,0,0,0,1.34307,2.73033,0.673167E-05,0.141673E-04,0.195406E-04,0.276346E-03,0.140330E-09,0.198456E-05
0,450,Tilia',0,4,0,0,0,0,0,7.49673,6.91249,0.889895E-03,0.277424E-02,0.291675E-02,0.203715E-01,0.192922E-07,0.138491E-03
0,460,Acer',34,422,123,24,3,1,0,118.351,32.7085,1.47346,6.84418,20.7352,26.6075,0.672893E-04,0.815604E-01
0,460,Aesculus',0,0,0,0,0,0,0,45.2300,21.9621,0.516306E-02,0.203016E-01,0.514715E-01,0.631764,0.188706E-06,0.223461E-02
0,460,Carya',0,12,8,1,0,0,0,115.147,34.8616,0.151882,1.05166,4.46681,21.1254,0.121127E-04,0.565904E-01
0,460,Cercis',14,52,0,0,0,0,0,8.45310,6.72425,0.851077E-02,0.238597E-01,0.463708E-01,0.131394,0.225564E-06,0.610201E-03
0,460,Comus',8,50,1,0,0,0,0,25.4416,7.97395,0.164267E-01,0.512693E-01,0.959428E-01,0.385301,0.449678E-06,0.174505E-02
0,460,Diospyros',0,9,0,0,0,0,0,39.3598,16.2702,0.822759E-02,0.299972E-01,0.907423E-01,0.693190,0.320090E-06,0.215068E-02
0,460,Fagus',16,145,37,3,2,1,0,152.336,33.4759,0.607278,3.92781,14.0875,44.7375,0.400477E-04,0.122157
0,460,Fraxinus',1,11,3,0,0,0,0,23.3390,12.4821,0.975938E-02,0.579337E-01,0.875622E-01,0.350020,0.335074E-06,0.126945E-02
0,460,Juglans',0,0,0,0,0,0,0,6.97338,4.74083,0.313768E-04,0.381923E-03,0.348693E-03,0.493126E-02,0.122656E-08,0.173462E-04
0,460,Juniperus',0,2,0,0,0,0,0,32.3212,19.4523,0.132876E-02,0.119895E-01,0.195922E-01,0.211826,0.627315E-07,0.596517E-03
0,460,Liquidambar',0,0,0,0,0,0,0,0.00000,0.00000,0.00000,0.00000,0.00000,0.00000,0.00000,0.00000
0,460,Liriodendron',9,95,36,5,3,1,3,324.309,35.1554,0.829415,9.42249,21.4768,57.5654,0.596662E-04,0.145606
0,460,Nyssa',5,40,2,0,0,0,0,23.2466,9.90244,0.142943E-01,0.496624E-01,0.673224E-01,0.208093,0.355379E-06,0.101057E-02
0,460,Oxydendron',70,1142,8,0,0,0,0,14.8972,11.7390,0.190383,0.781853,1.08564,1.51624,0.515321E-05,0.751878E-02
0,460,Pinus',50,282,43,3,0,0,0,116.472,34.7419,0.341227,2.00136,5.49004,13.4987,0.171289E-04,0.386029E-01
0,460,Prunus',0,7,0,0,0,0,0,219.863,34.1720,0.148595,2.30434,6.61034,38.0326,0.168288E-04,0.959863E-01
0,460,Quercus',7,84,75,13,6,2,8,244.479,34.8295,2.12472,21.8682,74.2685,99.8065,0.195628E-03,0.253205
0,460,Robinia',0,0,0,0,0,0,0,11.1207,7.00804,0.103039E-03,0.100185E-02,0.138827E-02,0.186960E-01,0.456834E-08,0.594324E-04
0,460,Sassafras',0,0,0,0,0,0,0,3.09765,4.46401,0.512593E-04,0.127546E-03,0.172042E-03,0.174382E-02,0.112022E-08,0.113112E-04
0,460,Tilia',0,2,0,0,0,0,0,9.51935,8.17296,0.156623E-02,0.533348E-02,0.594140E-02,0.572823E-01,0.357499E-07,0.352680E-03
0,470,Acer',38,430,97,19,6,1,0,106.597,31.7954,1.48925,7.10924,22.8449,29.8181,0.722051E-04,0.896310E-01
0,470,Aesculus',0,0,0,0,0,0,0,33.5381,18.2935,0.319728E-02,0.123485E-01,0.276385E-01,0.321838,0.107446E-06,0.122329E-02
0,470,Carya',0,10,5,2,1,0,0,117.823,34.9217,0.167224,1.22510,5.28575,24.9135,0.141534E-04,0.660612E-01
0,470,Cercis',15,51,0,0,0,0,0,9.94849,7.30106,0.668732E-02,0.196555E-01,0.360667E-01,0.914150E-01,0.176416E-06,0.434294E-03
0,470,Comus',7,38,1,0,0,0,0,13.3491,6.32568,0.115228E-01,0.389510E-01,0.676012E-01,0.225254,0.316102E-06,0.102569E-02
0,470,Diospyros',1,6,0,0,0,0,0,52.7476,19.6934,0.126212E-01,0.479337E-01,0.181999,1.58442,0.586131E-06,0.470344E-02
0,470,Fagus',19,105,46,4,2,2,1,153.395,33.5160,0.645818,4.49361,15.9321,49.5108,0.447016E-04,0.133999
0,470,Fraxinus',1,8,3,0,0,0,0,30.1421,14.9925,0.110850E-01,0.719585E-01,0.124142,0.644072,0.435446E-06,0.218727E-02
0,470,Juglans',0,0,0,0,0,0,0,8.69261,5.53462,0.249768E-04,0.593458E-03,0.522157E-03,0.738442E-02,0.151990E-08,0.214947E-04
0,470,Juniperus',0,1,0,0,0,0,0,11.9466,9.63986,0.867611E-03,0.373944E-02,0.537477E-02,0.322112E-01,0.244761E-07,0.136218E-03
0,470,Liquidambar',0,0,0,0,0,0,0,0.00000,0.00000,0.00000,0.00000,0.00000,0.00000,0.00000,0.00000
0,470,Liriodendron',9,97,32,4,2,1,3,335.300,35.2114,0.825684,10.1082,23.4115,65.1547,0.639118E-04,0.162917
0,470,Nyssa',6,43,2,0,0,0,0,13.6757,7.09111,0.137910E-01,0.459600E-01,0.615228E-01,0.172152,0.335246E-06,0.912146E-03
0,470,Oxydendron',92,984,8,0,0,0,0,16.0239,12.0744,0.150732,0.706047,0.934044,1.34698,0.424553E-05,0.631214E-02
0,470,Pinus',67,261,50,3,0,0,0,117.843,34.7770,0.329621,1.99397,5.36928,12.9843,0.166929E-04,0.372369E-01
0,470,Prunus',0,6,1,0,0,0,0,220.418,34.1831,0.124424,1.97761,5.66169,32.6360,0.143727E-04,0.827614E-01
0,470,Quercus',11,84,71,15,6,3,8,245.463,34.8407,2.18115,22.7784,77.1698,97.9970,0.202887E-03,0.249276
0,470,Robinia',0,0,0,0,0,0,0,15.4267,8.91103,0.159426E-03,0.186912E-02,0.288322E-02,0.407749E-01,0.870218E-08,0.123067E-03
0,470,Sassafras',0,0,0,0,0,0,0,5.28476,6.42855,0.787458E-04,0.285110E-03,0.354074E-03,0.396268E-02,0.192042E-08,0.207161E-04
0,470,Tilia',0,1,0,0,0,0,0,12.6857,9.96208,0.104452E-02,0.471931E-02,0.552585E-02,0.527424E-01,0.273160E-07,0.257550E-03
0,480,Acer',33,491,83,20,5,2,0,113.639,32.4121,1.45953,7.12095,23.6132,31.0816,0.734846E-04,0.922461E-01
0,480,Aesculus',0,0,0,0,0,0,0,3.09451,3.39909,0.109829E-03,0.294706E-03,0.313850E-03,0.282801E-02,0.227849E-08,0.213762E-04
0,480,Carya',0,9,2,2,0,0,0,119.700,34.9608,0.182011,1.37941,6.08580,28.4793,0.161441E-04,0.745561E-01
0,480,Cercis',14,61,0,0,0,0,0,11.7545,7.89493,0.835245E-02,0.243507E-01,0.447163E-01,0.106940,0.219608E-06,0.520994E-03
0,480,Comus',8,37,0,0,0,0,0,15.9585,6.82512,0.918480E-02,0.290479E-01,0.517060E-01,0.150114,0.247123E-06,0.690282E-03
0,480,Diospyros',0,5,1,0,0,0,0,65.1963,22.3289,0.121297E-01,0.558824E-01,0.197154,2.08356,0.612734E-06,0.583848E-02
0,480,Fagus',14,161,50,6,2,1,1,145.227,33.1854,0.611039,4.52469,14.9887,47.8291,0.421046E-04,0.128716
0,480,Fraxinus',0,11,2,0,0,0,0,39.1783,17.9097,0.151900E-01,0.822411E-01,0.176227,1.23379,0.610284E-06,0.404794E-02
0,480,Juglans',0,0,0,0,0,0,0,0.00000,0.00000,0.00000,0.00000,0.00000,0.00000,0.00000,0.00000
0,480,Juniperus',0,2,0,0,0,0,0,13.2456,10.4142,0.720935E-03,0.331466E-02,0.443924E-02,0.292793E-01,0.202785E-07,0.119279E-03
0,480,Liquidambar',0,0,0,0,0,0,0,0.00000,0.00000,0.00000,0.00000,0.00000,0.00000,0.00000,0.00000
0,480,Liriodendron',6,104,25,5,1,1,3,343.796,35.2493,0.839261,9.35227,21.9189,60.1319,0.607903E-04,0.152397
0,480,Nyssa',7,42,2,0,0,0,0,15.6842,7.75244,0.151012E-01,0.473980E-01,0.674343E-01,0.188167,0.367244E-06,0.980502E-03
0,480,Oxydendron',66,883,8,0,0,0,0,15.3371,11.8743,0.138728,0.594040,0.811157,1.16714,0.379964E-05,0.551862E-02
0,480,Pinus',53,338,49,5,0,0,0,118.951,34.8042,0.356243,2.09963,5.70590,12.8295,0.178255E-04,0.372058E-01
0,480,Prunus',0,1,4,0,0,0,0,219.547,34.1656,0.115387,1.70148,4.83824,30.1008,0.124127E-04,0.764340E-01
0,480,Quercus',9,81,64,20,5,4,8,245.842,34.8449,2.14393,22.4465,75.5746,96.2160,0.198807E-03,0.245244
0,480,Robinia',0,0,0,0,0,0,0,19.6882,10.6457,0.258156E-03,0.307235E-02,0.527186E-02,0.736609E-01,0.154315E-07,0.213234E-03
0,480,Sassafras',0,0,0,0,0,0,0,7.30037,8.06365,0.859068E-04,0.592948E-03,0.603205E-03,0.628605E-02,0.257713E-08,0.252267E-04
0,480,Tilia',0,1,0,0,0,0,0,14.8622,11.0732,0.437965E-03,0.309299E-02,0.281578E-02,0.251155E-01,0.125620E-07,0.100571E-03
0,490,Acer',30,537,109,12,6,2,0,111.500,32.2675,1.39216,6.50259,21.2749,28.6835,0.673184E-04,0.851534E-01
0,490,Aesculus',0,1,0,0,0,0,0,6.07076,5.29652,0.247439E-03,0.691869E-03,0.752814E-03,0.516008E-02,0.523494E-08,0.341105E-04
0,490,Carya',0,10,2,2,1,0,0,121.004,34.9865,0.205186,1.69401,7.42632,34.1514,0.194567E-04,0.881195E-01
0,490,Cercis',10,52,0,0,0,0,0,11.2442,7.73753,0.966551E-02,0.281331E-01,0.546533E-01,0.144178,0.260592E-06,0.663665E-03
0,490,Comus',4,35,1,0,0,0,0,12.1360,6.05591,0.102733E-01,0.293068E-01,0.561074E-01,0.203548,0.272573E-06,0.992007E-03
0,490,Diospyros',0,7,1,0,0,0,0,27.9198,12.7654,0.107672E-01,0.395953E-01,0.100676,0.425645,0.378725E-06,0.149156E-02
0,490,Fagus',19,156,46,7,2,1,2,147.072,33.2645,0.687214,5.20668,17.2153,52.8431,0.481490E-04,0.141829
0,490,Fraxinus',1,12,2,0,0,0,0,48.6960,20.5361,0.169387E-01,0.820810E-01,0.194997,1.33063,0.677169E-06,0.437535E-02
0,490,Juglans',0,0,0,0,0,0,0,0.00000,0.00000,0.00000,0.00000,0.00000,0.00000,0.00000,0.00000
0,490,Juniperus',0,2,0,0,0,0,0,14.2091,10.9736,0.788980E-03,0.352913E-02,0.484078E-02,0.293408E-01,0.221537E-07,0.114757E-03
0,490,Liquidambar',0,0,0,0,0,0,0,2.48431,3.11347,0.213759E-04,0.484732E-04,0.682530E-04,0.965243E-03,0.459391E-09,0.649677E-05
0,490,Liriodendron',6,129,23,4,2,0,2,321.400,35.1391,0.636354,7.50519,17.1558,57.3335,0.472848E-04,0.144056
0,490,Nyssa',7,64,2,0,0,0,0,17.0889,8.19100,0.189916E-01,0.567017E-01,0.830008E-01,0.243777,0.457841E-06,0.131420E-02
0,490,Oxydendron',66,1176,7,0,0,0,0,15.4214,11.8996,0.169298,0.651053,0.904788,1.19803,0.444777E-05,0.616150E-02
0,490,Pinus',55,447,46,6,0,0,0,94.4912,33.9075,0.393990,2.24999,5.88963,11.4193,0.187790E-04,0.335461E-01
0,490,Prunus',0,2,3,0,0,0,0,206.719,33.8793,0.566261E-01,0.771911,2.08515,19.4126,0.544883E-05,0.495176E-01
0,490,Quercus',9,92,55,19,5,4,8,246.613,34.8535,2.13250,23.0100,76.8597,100.040,0.201498E-03,0.254480
0,490,Robinia',0,0,0,0,0,0,0,3.95970,3.47340,0.487152E-04,0.190214E-03,0.287860E-03,0.288545E-02,0.134097E-08,0.134267E-04
0,490,Sassafras',0,0,0,0,0,0,0,5.66245,6.74723,0.455781E-04,0.324048E-03,0.312616E-03,0.429144E-02,0.135083E-08,0.182000E-04
0,490,Tilia',0,2,0,0,0,0,0,20.4584,13.5428,0.787081E-03,0.460009E-02,0.508511E-02,0.601237E-01,0.226307E-07,0.240529E-03
0,500,Acer',32,412,121,12,5,1,1,115.523,32.5341,1.51851,7.23155,23.9562,32.0903,0.750959E-04,0.936801E-01
0,500,Aesculus',0,0,0,0,0,0,0,16.4764,11.0926,0.104072E-02,0.322603E-02,0.546234E-02,0.586120E-01,0.271202E-07,0.278446E-03
0,500,Carya',0,6,4,1,1,0,1,121.901,35.0035,0.220443,1.92604,8.32847,37.8171,0.216811E-04,0.969518E-01
0,500,Cercis',12,49,0,0,0,0,0,10.7721,7.58481,0.824986E-02,0.239048E-01,0.473385E-01,0.129446,0.223958E-06,0.588373E-03
0,500,Comus',5,35,1,0,0,0,0,17.5826,7.08769,0.122575E-01,0.351759E-01,0.723187E-01,0.322519,0.337162E-06,0.140841E-02
0,500,Diospyros',1,8,1,0,0,0,0,38.0080,15.8859,0.150182E-01,0.643120E-01,0.187982,0.934902,0.633934E-06,0.293141E-02
0,500,Fagus',21,148,56,8,2,1,1,148.717,33.3328,0.673011,5.52690,17.4039,53.1263,0.483636E-04,0.141210
0,500,Fraxinus',1,9,2,0,0,0,0,40.1826,18.2072,0.105552E-01,0.603534E-01,0.114609,0.758881,0.406634E-06,0.248554E-02
0,500,Juglans',0,0,0,0,0,0,0,0.00000,0.00000,0.00000,0.00000,0.00000,0.00000,0.00000,0.00000
0,500,Juniperus',0,1,0,0,0,0,0,15.2438,11.5605,0.755437E-03,0.434601E-02,0.610070E-02,0.442552E-01,0.244690E-07,0.170398E-03
0,500,Liquidambar',0,0,0,0,0,0,0,3.15774,3.58830,0.395026E-04,0.142813E-03,0.162573E-03,0.163057E-02,0.929934E-09,0.963030E-05
0,500,Liriodendron',7,86,22,6,2,0,2,332.909,35.1999,0.645611,7.44249,17.0521,54.2498,0.471876E-04,0.135664
0,500,Nyssa',7,57,2,0,0,0,0,18.0957,8.49376,0.212657E-01,0.658992E-01,0.949077E-01,0.304671,0.517037E-06,0.161259E-02
0,500,Oxydendron',65,1095,6,0,0,0,0,16.4080,12.1807,0.182572,0.674005,0.969422,1.40383,0.478250E-05,0.711419E-02
0,500,Pinus',60,401,47,7,1,0,0,94.5786,33.9121,0.419032,2.51353,6.48838,12.5487,0.204713E-04,0.366963E-01
0,500,Prunus',0,1,1,1,0,0,0,208.422,33.9205,0.469417E-01,0.499413,1.30233,15.2331,0.356982E-05,0.402347E-01
0,500,Quercus',9,82,49,17,9,3,9,247.261,34.8606,2.16701,23.3784,78.3095,100.903,0.205216E-03,0.256602
0,500,Robinia',0,0,0,0,0,0,0,5.06899,4.05323,0.360854E-04,0.201805E-03,0.270794E-03,0.382961E-02,0.112123E-08,0.158566E-04
0,500,Sassafras',0,0,0,0,0,0,0,7.41419,8.15131,0.294674E-04,0.431736E-03,0.393488E-03,0.556476E-02,0.129862E-08,0.183652E-04
0,500,Tilia',0,1,0,0,0,0,0,8.74876,7.70409,0.525177E-03,0.174622E-02,0.193812E-02,0.131139E-01,0.118672E-07,0.754438E-04
